station_id,year,month,obs_mm_day
WA001,2001,1,0.0
WA001,2001,2,0.0
WA001,2001,3,0.0
WA001,2001,4,0.0
WA001,2001,5,0.0
WA001,2001,6,0.017
WA001,2001,7,3.5232
WA001,2001,8,4.681
WA001,2001,9,3.7977
WA001,2001,10,0.1168
WA001,2001,11,0.21
WA001,2001,12,0.0
WA001,2002,1,1.2129
WA001,2002,2,0.0
WA001,2002,3,0.0
WA001,2002,4,0.0
WA001,2002,5,0.0
WA001,2002,6,0.393
WA001,2002,7,0.3848
WA001,2002,8,3.0158
WA001,2002,9,3.5043
WA001,2002,10,1.3181
WA001,2002,11,0.0
WA001,2002,12,0.0084
WA001,2003,1,0.0
WA001,2003,2,0.0
WA001,2003,3,0.0
WA001,2003,4,0.0
WA001,2003,5,0.0
WA001,2003,6,2.5057
WA001,2003,7,1.7865
WA001,2003,8,4.5284
WA001,2003,9,3.3417
WA001,2003,10,1.3045
WA001,2003,11,0.0
WA001,2003,12,0.0
WA001,2004,1,0.0
WA001,2004,2,0.0
WA001,2004,3,0.0
WA001,2004,4,0.0
WA001,2004,5,0.0
WA001,2004,6,0.438
WA001,2004,7,0.8945
WA001,2004,8,4.3761
WA001,2004,9,3.2107
WA001,2004,10,0.0081
WA001,2004,11,0.002
WA001,2004,12,0.0
WA001,2005,1,0.0
WA001,2005,2,0.1329
WA001,2005,3,0.0
WA001,2005,4,0.0
WA001,2005,5,0.0
WA001,2005,6,0.486
WA001,2005,7,4.3168
WA001,2005,8,10.8423
WA001,2005,9,5.628
WA001,2005,10,1.6374
WA001,2005,11,0.0
WA001,2005,12,0.0
WA001,2006,1,0.0
WA001,2006,2,0.0436
WA001,2006,3,0.0
WA001,2006,4,0.0
WA001,2006,5,0.0
WA001,2006,6,0.425
WA001,2006,7,1.8832
WA001,2006,8,4.9174
WA001,2006,9,7.7057
WA001,2006,10,1.1981
WA001,2006,11,0.0
WA001,2006,12,0.0
WA001,2007,1,0.0
WA001,2007,2,0.0
WA001,2007,3,0.0
WA001,2007,4,0.0
WA001,2007,5,0.0
WA001,2007,6,0.1027
WA001,2007,7,3.2055
WA001,2007,8,3.6297
WA001,2007,9,4.4097
WA001,2007,10,0.0
WA001,2007,11,0.0
WA001,2007,12,0.0
WA001,2008,1,0.0
WA001,2008,2,0.0376
WA001,2008,3,0.0
WA001,2008,4,0.0
WA001,2008,5,0.0
WA001,2008,6,0.1313
WA001,2008,7,4.32
WA001,2008,8,6.8355
WA001,2008,9,7.1823
WA001,2008,10,0.3306
WA001,2008,11,0.0
WA001,2008,12,0.0
WA001,2009,1,0.0
WA001,2009,2,0.0
WA001,2009,3,0.0
WA001,2009,4,0.0
WA001,2009,5,0.0
WA001,2009,6,0.0637
WA001,2009,7,1.9294
WA001,2009,8,8.3477
WA001,2009,9,6.7897
WA001,2009,10,0.73
WA001,2009,11,0.001
WA001,2009,12,0.0
WA001,2010,1,0.0
WA001,2010,2,0.0
WA001,2010,3,0.0
WA001,2010,4,0.0
WA001,2010,5,0.0
WA001,2010,6,1.711
WA001,2010,7,2.7942
WA001,2010,8,5.7571
WA001,2010,9,9.838
WA001,2010,10,0.6687
WA001,2010,11,0.0
WA001,2010,12,0.0
WA001,2011,1,0.0
WA001,2011,2,0.0
WA001,2011,3,0.0
WA001,2011,4,0.0
WA001,2011,5,0.0
WA001,2011,6,0.224
WA001,2011,7,1.0919
WA001,2011,8,6.4087
WA001,2011,9,3.2247
WA001,2011,10,0.2226
WA001,2011,11,0.0
WA001,2011,12,0.0
WA001,2012,1,0.0
WA001,2012,2,0.0
WA001,2012,3,0.1277
WA001,2012,4,0.0
WA001,2012,5,0.0
WA001,2012,6,0.031
WA001,2012,7,2.9068
WA001,2012,8,11.9768
WA001,2012,9,6.8597
WA001,2012,10,0.0
WA001,2012,11,0.0023
WA001,2012,12,0.0
WA001,2013,1,0.0
WA001,2013,2,0.0
WA001,2013,3,0.0
WA001,2013,4,0.0
WA001,2013,5,0.0
WA001,2013,6,0.4143
WA001,2013,7,1.4494
WA001,2013,8,9.4087
WA001,2013,9,6.1863
WA001,2013,10,1.0116
WA001,2013,11,0.1157
WA001,2013,12,0.2171
WA001,2014,1,0.0
WA001,2014,2,0.0
WA001,2014,3,0.0
WA001,2014,4,0.0
WA001,2014,5,0.0
WA001,2014,6,0.0003
WA001,2014,7,0.1084
WA001,2014,8,3.9113
WA001,2014,9,3.0037
WA001,2014,10,0.2487
WA001,2014,11,0.0
WA001,2014,12,0.0
WA001,2015,1,0.0
WA001,2015,2,0.0
WA001,2015,3,0.0
WA001,2015,4,0.0
WA001,2015,5,0.0
WA001,2015,6,0.0
WA001,2015,7,2.9106
WA001,2015,8,10.8464
WA001,2015,9,8.3523
WA001,2015,10,2.959
WA001,2015,11,0.0003
WA001,2015,12,0.0
WA001,2016,1,0.0
WA001,2016,2,0.0
WA001,2016,3,0.0
WA001,2016,4,0.0
WA001,2016,5,0.0
WA001,2016,6,0.0
WA001,2016,7,1.9619
WA001,2016,8,5.8065
WA001,2016,9,7.2753
WA001,2016,10,0.0042
WA001,2016,11,0.008
WA001,2016,12,0.0
WA001,2017,1,0.0
WA001,2017,2,0.0
WA001,2017,3,0.0
WA001,2017,4,0.0
WA001,2017,5,0.0
WA001,2017,6,0.581
WA001,2017,7,3.8503
WA001,2017,8,5.6697
WA001,2017,9,3.5807
WA001,2017,10,0.239
WA001,2017,11,0.0
WA001,2017,12,0.0
WA001,2018,1,0.0
WA001,2018,2,0.0021
WA001,2018,3,0.0003
WA001,2018,4,0.0
WA001,2018,5,0.0
WA001,2018,6,0.674
WA001,2018,7,0.4235
WA001,2018,8,3.6552
WA001,2018,9,6.2783
WA001,2018,10,0.5632
WA001,2018,11,0.002
WA001,2018,12,0.0
WA001,2019,1,0.0
WA001,2019,2,0.0
WA001,2019,3,0.0
WA001,2019,4,0.0
WA001,2019,5,0.0
WA001,2019,6,0.0033
WA001,2019,7,1.0984
WA001,2019,8,6.1194
WA001,2019,9,6.53
WA001,2019,10,1.8103
WA001,2019,11,0.0
WA001,2019,12,0.0
WA001,2020,1,0.0
WA001,2020,2,0.0
WA001,2020,3,0.0
WA001,2020,4,0.0
WA001,2020,5,0.0
WA001,2020,6,0.1447
WA001,2020,7,4.32
WA001,2020,8,4.0339
WA001,2020,9,9.58
WA001,2020,10,0.9581
WA001,2020,11,0.0
WA001,2020,12,0.0
WA002,2001,1,0.0
WA002,2001,2,0.0
WA002,2001,3,0.0
WA002,2001,4,1.056
WA002,2001,5,0.2545
WA002,2001,6,4.885
WA002,2001,7,6.3152
WA002,2001,8,8.3526
WA002,2001,9,2.9253
WA002,2001,10,1.4465
WA002,2001,11,0.0203
WA002,2001,12,0.0
WA002,2002,1,0.0374
WA002,2002,2,0.0036
WA002,2002,3,0.0397
WA002,2002,4,0.406
WA002,2002,5,0.8984
WA002,2002,6,2.7723
WA002,2002,7,6.7955
WA002,2002,8,10.9829
WA002,2002,9,2.734
WA002,2002,10,1.7329
WA002,2002,11,0.0
WA002,2002,12,0.0
WA002,2003,1,0.0006
WA002,2003,2,0.0004
WA002,2003,3,0.0
WA002,2003,4,0.6573
WA002,2003,5,1.7713
WA002,2003,6,5.586
WA002,2003,7,9.2674
WA002,2003,8,7.0729
WA002,2003,9,11.194
WA002,2003,10,1.681
WA002,2003,11,0.1823
WA002,2003,12,0.0
WA002,2004,1,0.0084
WA002,2004,2,0.011
WA002,2004,3,0.0016
WA002,2004,4,1.3817
WA002,2004,5,1.2658
WA002,2004,6,6.7683
WA002,2004,7,13.4274
WA002,2004,8,9.641
WA002,2004,9,2.6827
WA002,2004,10,0.4174
WA002,2004,11,0.0003
WA002,2004,12,0.0
WA002,2005,1,0.0068
WA002,2005,2,0.0
WA002,2005,3,0.1268
WA002,2005,4,0.5083
WA002,2005,5,0.9632
WA002,2005,6,4.9207
WA002,2005,7,8.2177
WA002,2005,8,10.7623
WA002,2005,9,4.6797
WA002,2005,10,1.261
WA002,2005,11,0.0027
WA002,2005,12,0.0
WA002,2006,1,0.0
WA002,2006,2,0.0
WA002,2006,3,0.0013
WA002,2006,4,5.068
WA002,2006,5,3.9013
WA002,2006,6,3.22
WA002,2006,7,3.4439
WA002,2006,8,8.2981
WA002,2006,9,10.619
WA002,2006,10,1.1471
WA002,2006,11,0.0
WA002,2006,12,0.0
WA002,2007,1,0.0
WA002,2007,2,0.0
WA002,2007,3,0.0006
WA002,2007,4,0.4377
WA002,2007,5,2.0952
WA002,2007,6,4.335
WA002,2007,7,6.6535
WA002,2007,8,8.3126
WA002,2007,9,5.0593
WA002,2007,10,1.1287
WA002,2007,11,0.0
WA002,2007,12,0.0
WA002,2008,1,0.0
WA002,2008,2,0.0
WA002,2008,3,0.1745
WA002,2008,4,1.7043
WA002,2008,5,0.75
WA002,2008,6,4.6867
WA002,2008,7,10.1597
WA002,2008,8,15.0129
WA002,2008,9,6.017
WA002,2008,10,5.5484
WA002,2008,11,0.0
WA002,2008,12,0.0
WA002,2009,1,0.0
WA002,2009,2,0.0
WA002,2009,3,0.0865
WA002,2009,4,0.002
WA002,2009,5,1.3281
WA002,2009,6,3.616
WA002,2009,7,7.4874
WA002,2009,8,8.1171
WA002,2009,9,10.1737
WA002,2009,10,1.2465
WA002,2009,11,0.091
WA002,2009,12,0.0
WA002,2010,1,0.0
WA002,2010,2,0.0
WA002,2010,3,0.0223
WA002,2010,4,0.5963
WA002,2010,5,3.2584
WA002,2010,6,5.1197
WA002,2010,7,6.9006
WA002,2010,8,10.7581
WA002,2010,9,10.812
WA002,2010,10,2.281
WA002,2010,11,0.0063
WA002,2010,12,0.0
WA002,2011,1,0.0
WA002,2011,2,0.0
WA002,2011,3,0.001
WA002,2011,4,0.703
WA002,2011,5,2.6855
WA002,2011,6,4.6523
WA002,2011,7,8.7587
WA002,2011,8,10.3842
WA002,2011,9,2.603
WA002,2011,10,1.3735
WA002,2011,11,0.0
WA002,2011,12,0.0
WA002,2012,1,0.0
WA002,2012,2,0.0
WA002,2012,3,0.0161
WA002,2012,4,1.6173
WA002,2012,5,1.7187
WA002,2012,6,8.5507
WA002,2012,7,10.1774
WA002,2012,8,12.3484
WA002,2012,9,7.2133
WA002,2012,10,0.2377
WA002,2012,11,0.1217
WA002,2012,12,0.0
WA002,2013,1,0.0
WA002,2013,2,0.0079
WA002,2013,3,0.0958
WA002,2013,4,0.7457
WA002,2013,5,2.729
WA002,2013,6,5.5407
WA002,2013,7,6.5035
WA002,2013,8,8.5958
WA002,2013,9,5.209
WA002,2013,10,2.6323
WA002,2013,11,0.0007
WA002,2013,12,0.0
WA002,2014,1,0.0
WA002,2014,2,0.0
WA002,2014,3,0.0
WA002,2014,4,0.608
WA002,2014,5,7.2452
WA002,2014,6,7.5637
WA002,2014,7,4.0152
WA002,2014,8,5.6542
WA002,2014,9,4.796
WA002,2014,10,0.2713
WA002,2014,11,0.067
WA002,2014,12,0.0
WA002,2015,1,0.0
WA002,2015,2,0.0
WA002,2015,3,0.0
WA002,2015,4,0.3027
WA002,2015,5,1.1123
WA002,2015,6,5.7963
WA002,2015,7,8.9948
WA002,2015,8,11.1542
WA002,2015,9,8.069
WA002,2015,10,3.3468
WA002,2015,11,0.0007
WA002,2015,12,0.0
WA002,2016,1,0.2997
WA002,2016,2,0.0
WA002,2016,3,0.0
WA002,2016,4,0.302
WA002,2016,5,2.4058
WA002,2016,6,5.7597
WA002,2016,7,8.9284
WA002,2016,8,12.55
WA002,2016,9,4.2213
WA002,2016,10,0.449
WA002,2016,11,0.0023
WA002,2016,12,0.0
WA002,2017,1,0.0
WA002,2017,2,0.0
WA002,2017,3,1.0277
WA002,2017,4,0.161
WA002,2017,5,0.9532
WA002,2017,6,2.3127
WA002,2017,7,10.0319
WA002,2017,8,6.9761
WA002,2017,9,2.8503
WA002,2017,10,0.1465
WA002,2017,11,0.0
WA002,2017,12,0.0
WA002,2018,1,0.0
WA002,2018,2,0.0043
WA002,2018,3,0.0277
WA002,2018,4,0.0427
WA002,2018,5,2.019
WA002,2018,6,5.081
WA002,2018,7,8.9084
WA002,2018,8,9.1948
WA002,2018,9,5.174
WA002,2018,10,2.2274
WA002,2018,11,0.0
WA002,2018,12,0.0
WA002,2019,1,0.0
WA002,2019,2,0.0
WA002,2019,3,0.029
WA002,2019,4,0.766
WA002,2019,5,2.1319
WA002,2019,6,3.7337
WA002,2019,7,5.5752
WA002,2019,8,10.1365
WA002,2019,9,4.574
WA002,2019,10,2.5484
WA002,2019,11,0.0013
WA002,2019,12,0.0
WA002,2020,1,0.0
WA002,2020,2,0.0
WA002,2020,3,0.0055
WA002,2020,4,1.0263
WA002,2020,5,5.131
WA002,2020,6,3.1977
WA002,2020,7,10.6419
WA002,2020,8,8.1058
WA002,2020,9,5.7967
WA002,2020,10,1.5345
WA002,2020,11,0.0
WA002,2020,12,0.0
WA003,2001,1,0.0
WA003,2001,2,0.0
WA003,2001,3,0.0
WA003,2001,4,0.0
WA003,2001,5,1.2916
WA003,2001,6,1.6117
WA003,2001,7,6.4642
WA003,2001,8,7.0252
WA003,2001,9,3.1027
WA003,2001,10,0.4335
WA003,2001,11,0.0
WA003,2001,12,0.0
WA003,2002,1,0.0
WA003,2002,2,0.0
WA003,2002,3,0.0
WA003,2002,4,0.0793
WA003,2002,5,0.4761
WA003,2002,6,1.3363
WA003,2002,7,6.8481
WA003,2002,8,5.7735
WA003,2002,9,6.3753
WA003,2002,10,1.2584
WA003,2002,11,0.0
WA003,2002,12,0.0
WA003,2003,1,0.0
WA003,2003,2,0.065
WA003,2003,3,0.1797
WA003,2003,4,0.7353
WA003,2003,5,1.6613
WA003,2003,6,9.6417
WA003,2003,7,9.6197
WA003,2003,8,5.7306
WA003,2003,9,5.5847
WA003,2003,10,1.6297
WA003,2003,11,0.0
WA003,2003,12,0.0
WA003,2004,1,0.0
WA003,2004,2,0.0
WA003,2004,3,0.0003
WA003,2004,4,1.7377
WA003,2004,5,1.3239
WA003,2004,6,1.462
WA003,2004,7,9.2752
WA003,2004,8,6.1774
WA003,2004,9,6.0547
WA003,2004,10,0.3974
WA003,2004,11,0.267
WA003,2004,12,0.0
WA003,2005,1,0.0
WA003,2005,2,0.0
WA003,2005,3,0.0152
WA003,2005,4,0.8687
WA003,2005,5,1.0639
WA003,2005,6,3.1067
WA003,2005,7,8.0842
WA003,2005,8,8.0839
WA003,2005,9,4.1997
WA003,2005,10,0.5887
WA003,2005,11,0.0
WA003,2005,12,0.0
WA003,2006,1,0.0
WA003,2006,2,0.0
WA003,2006,3,0.0
WA003,2006,4,0.2273
WA003,2006,5,0.0726
WA003,2006,6,2.4403
WA003,2006,7,5.2955
WA003,2006,8,6.6119
WA003,2006,9,3.896
WA003,2006,10,1.1213
WA003,2006,11,0.0
WA003,2006,12,0.0
WA003,2007,1,0.0
WA003,2007,2,0.0
WA003,2007,3,0.0
WA003,2007,4,2.6293
WA003,2007,5,0.8268
WA003,2007,6,1.4017
WA003,2007,7,4.2087
WA003,2007,8,10.1406
WA003,2007,9,4.7047
WA003,2007,10,0.0139
WA003,2007,11,0.0
WA003,2007,12,0.0
WA003,2008,1,0.0
WA003,2008,2,0.0
WA003,2008,3,0.0
WA003,2008,4,0.002
WA003,2008,5,1.1506
WA003,2008,6,3.082
WA003,2008,7,7.79
WA003,2008,8,6.8258
WA003,2008,9,4.0077
WA003,2008,10,0.9
WA003,2008,11,0.0
WA003,2008,12,0.0
WA003,2009,1,0.0
WA003,2009,2,0.0011
WA003,2009,3,0.0003
WA003,2009,4,0.3973
WA003,2009,5,0.4213
WA003,2009,6,2.4543
WA003,2009,7,5.4394
WA003,2009,8,7.6171
WA003,2009,9,9.1693
WA003,2009,10,1.159
WA003,2009,11,0.0
WA003,2009,12,0.0
WA003,2010,1,0.0
WA003,2010,2,0.0
WA003,2010,3,0.0
WA003,2010,4,1.2823
WA003,2010,5,1.971
WA003,2010,6,3.403
WA003,2010,7,7.8161
WA003,2010,8,8.0077
WA003,2010,9,3.7677
WA003,2010,10,1.5832
WA003,2010,11,0.0
WA003,2010,12,0.0
WA003,2011,1,0.0
WA003,2011,2,0.0036
WA003,2011,3,0.0106
WA003,2011,4,0.5647
WA003,2011,5,0.4648
WA003,2011,6,3.6327
WA003,2011,7,7.4903
WA003,2011,8,6.0023
WA003,2011,9,2.6817
WA003,2011,10,0.5184
WA003,2011,11,0.0
WA003,2011,12,0.0
WA003,2012,1,0.0
WA003,2012,2,0.0
WA003,2012,3,0.0
WA003,2012,4,0.48
WA003,2012,5,1.7487
WA003,2012,6,2.5233
WA003,2012,7,11.0932
WA003,2012,8,7.491
WA003,2012,9,6.9247
WA003,2012,10,0.1319
WA003,2012,11,0.0
WA003,2012,12,0.0061
WA003,2013,1,0.0
WA003,2013,2,0.0
WA003,2013,3,0.2687
WA003,2013,4,1.1977
WA003,2013,5,1.6358
WA003,2013,6,1.5583
WA003,2013,7,5.9829
WA003,2013,8,8.3074
WA003,2013,9,6.373
WA003,2013,10,0.6771
WA003,2013,11,0.0
WA003,2013,12,0.0
WA003,2014,1,0.1242
WA003,2014,2,0.0
WA003,2014,3,0.0
WA003,2014,4,2.4807
WA003,2014,5,3.5871
WA003,2014,6,3.2077
WA003,2014,7,4.3819
WA003,2014,8,6.8932
WA003,2014,9,6.6187
WA003,2014,10,1.0906
WA003,2014,11,0.0
WA003,2014,12,0.0
WA003,2015,1,0.0
WA003,2015,2,0.005
WA003,2015,3,0.1994
WA003,2015,4,0.0
WA003,2015,5,0.3461
WA003,2015,6,3.6263
WA003,2015,7,7.7584
WA003,2015,8,10.7642
WA003,2015,9,7.6527
WA003,2015,10,1.5532
WA003,2015,11,0.0
WA003,2015,12,0.0
WA003,2016,1,0.0
WA003,2016,2,0.0031
WA003,2016,3,0.2771
WA003,2016,4,1.035
WA003,2016,5,1.2268
WA003,2016,6,3.6587
WA003,2016,7,9.7035
WA003,2016,8,11.3087
WA003,2016,9,5.162
WA003,2016,10,0.06
WA003,2016,11,0.0
WA003,2016,12,0.0
WA003,2017,1,0.0
WA003,2017,2,0.0
WA003,2017,3,0.0
WA003,2017,4,0.12
WA003,2017,5,5.14
WA003,2017,6,3.8783
WA003,2017,7,4.04
WA003,2017,8,10.2942
WA003,2017,9,3.2327
WA003,2017,10,0.0981
WA003,2017,11,0.0
WA003,2017,12,0.0
WA003,2018,1,0.0
WA003,2018,2,0.3046
WA003,2018,3,0.0339
WA003,2018,4,0.0057
WA003,2018,5,1.8987
WA003,2018,6,2.8033
WA003,2018,7,9.0752
WA003,2018,8,8.2326
WA003,2018,9,6.877
WA003,2018,10,0.9732
WA003,2018,11,0.0
WA003,2018,12,0.0
WA003,2019,1,0.0
WA003,2019,2,0.0
WA003,2019,3,0.1677
WA003,2019,4,2.3173
WA003,2019,5,3.0468
WA003,2019,6,3.1857
WA003,2019,7,9.0413
WA003,2019,8,6.9323
WA003,2019,9,2.4947
WA003,2019,10,3.0797
WA003,2019,11,0.0
WA003,2019,12,0.0
WA003,2020,1,0.0
WA003,2020,2,0.0
WA003,2020,3,0.0
WA003,2020,4,0.1723
WA003,2020,5,0.1477
WA003,2020,6,3.0333
WA003,2020,7,7.4739
WA003,2020,8,9.7413
WA003,2020,9,7.684
WA003,2020,10,2.0119
WA003,2020,11,0.0
WA003,2020,12,0.0
WA004,2001,1,0.0
WA004,2001,2,0.0
WA004,2001,3,0.0
WA004,2001,4,0.0
WA004,2001,5,0.1719
WA004,2001,6,4.4283
WA004,2001,7,7.6042
WA004,2001,8,3.1523
WA004,2001,9,3.8467
WA004,2001,10,0.0052
WA004,2001,11,0.0
WA004,2001,12,0.0
WA004,2002,1,0.0
WA004,2002,2,0.0
WA004,2002,3,0.0
WA004,2002,4,0.0
WA004,2002,5,0.2558
WA004,2002,6,3.525
WA004,2002,7,3.1984
WA004,2002,8,3.1313
WA004,2002,9,2.079
WA004,2002,10,1.3965
WA004,2002,11,0.0
WA004,2002,12,0.0
WA004,2003,1,0.0
WA004,2003,2,0.0
WA004,2003,3,0.0545
WA004,2003,4,0.001
WA004,2003,5,0.7623
WA004,2003,6,3.208
WA004,2003,7,3.7013
WA004,2003,8,5.4952
WA004,2003,9,2.6537
WA004,2003,10,0.0639
WA004,2003,11,0.0
WA004,2003,12,0.0
WA004,2004,1,0.0
WA004,2004,2,0.0
WA004,2004,3,0.0
WA004,2004,4,0.6933
WA004,2004,5,0.1223
WA004,2004,6,1.039
WA004,2004,7,4.1752
WA004,2004,8,4.9403
WA004,2004,9,2.6237
WA004,2004,10,0.0
WA004,2004,11,0.0
WA004,2004,12,0.0
WA004,2005,1,0.0
WA004,2005,2,0.0
WA004,2005,3,0.0
WA004,2005,4,0.0
WA004,2005,5,1.2755
WA004,2005,6,3.2253
WA004,2005,7,5.5045
WA004,2005,8,4.2568
WA004,2005,9,2.0467
WA004,2005,10,1.3
WA004,2005,11,0.0
WA004,2005,12,0.0
WA004,2006,1,0.0
WA004,2006,2,0.0
WA004,2006,3,0.0
WA004,2006,4,0.0
WA004,2006,5,0.0174
WA004,2006,6,1.8933
WA004,2006,7,4.3068
WA004,2006,8,4.7916
WA004,2006,9,1.8153
WA004,2006,10,0.1506
WA004,2006,11,0.0
WA004,2006,12,0.0
WA004,2007,1,0.0
WA004,2007,2,0.0
WA004,2007,3,0.0
WA004,2007,4,0.0
WA004,2007,5,0.7465
WA004,2007,6,1.4107
WA004,2007,7,5.2484
WA004,2007,8,8.5906
WA004,2007,9,3.5647
WA004,2007,10,0.0
WA004,2007,11,0.0
WA004,2007,12,0.0135
WA004,2008,1,0.0
WA004,2008,2,0.0
WA004,2008,3,0.0
WA004,2008,4,0.0
WA004,2008,5,0.401
WA004,2008,6,2.479
WA004,2008,7,5.6558
WA004,2008,8,4.3077
WA004,2008,9,2.3087
WA004,2008,10,0.0016
WA004,2008,11,0.0
WA004,2008,12,0.0
WA004,2009,1,0.0
WA004,2009,2,0.0
WA004,2009,3,0.0
WA004,2009,4,0.3647
WA004,2009,5,0.6377
WA004,2009,6,0.7427
WA004,2009,7,5.6626
WA004,2009,8,5.9526
WA004,2009,9,1.373
WA004,2009,10,0.9458
WA004,2009,11,0.0
WA004,2009,12,0.0
WA004,2010,1,0.0
WA004,2010,2,0.0
WA004,2010,3,0.0
WA004,2010,4,0.0043
WA004,2010,5,0.6561
WA004,2010,6,2.2973
WA004,2010,7,3.8955
WA004,2010,8,4.9587
WA004,2010,9,1.1697
WA004,2010,10,1.8968
WA004,2010,11,0.0
WA004,2010,12,0.0
WA004,2011,1,0.0
WA004,2011,2,0.015
WA004,2011,3,0.0
WA004,2011,4,0.0117
WA004,2011,5,0.3039
WA004,2011,6,1.1997
WA004,2011,7,1.8016
WA004,2011,8,3.9561
WA004,2011,9,0.903
WA004,2011,10,0.9613
WA004,2011,11,0.0
WA004,2011,12,0.0
WA004,2012,1,0.0029
WA004,2012,2,0.0403
WA004,2012,3,0.0
WA004,2012,4,0.021
WA004,2012,5,0.4768
WA004,2012,6,1.317
WA004,2012,7,3.4645
WA004,2012,8,9.3945
WA004,2012,9,2.7733
WA004,2012,10,0.2561
WA004,2012,11,0.0
WA004,2012,12,0.0
WA004,2013,1,0.0
WA004,2013,2,0.0
WA004,2013,3,0.0
WA004,2013,4,1.6043
WA004,2013,5,0.0613
WA004,2013,6,2.1937
WA004,2013,7,2.3119
WA004,2013,8,8.6361
WA004,2013,9,0.5167
WA004,2013,10,0.1029
WA004,2013,11,0.0
WA004,2013,12,0.0
WA004,2014,1,0.0
WA004,2014,2,0.0132
WA004,2014,3,0.0
WA004,2014,4,0.0013
WA004,2014,5,1.4377
WA004,2014,6,1.5693
WA004,2014,7,3.9426
WA004,2014,8,6.2206
WA004,2014,9,2.5957
WA004,2014,10,0.0035
WA004,2014,11,0.0003
WA004,2014,12,0.0
WA004,2015,1,0.0
WA004,2015,2,0.2264
WA004,2015,3,0.0
WA004,2015,4,0.0
WA004,2015,5,0.0016
WA004,2015,6,1.43
WA004,2015,7,5.3684
WA004,2015,8,4.1471
WA004,2015,9,3.0753
WA004,2015,10,1.9316
WA004,2015,11,0.0
WA004,2015,12,0.0
WA004,2016,1,0.0
WA004,2016,2,0.0
WA004,2016,3,0.0003
WA004,2016,4,0.907
WA004,2016,5,2.0052
WA004,2016,6,2.954
WA004,2016,7,2.1432
WA004,2016,8,4.9706
WA004,2016,9,3.6483
WA004,2016,10,0.0023
WA004,2016,11,0.0
WA004,2016,12,0.0
WA004,2017,1,0.0
WA004,2017,2,0.0
WA004,2017,3,0.0
WA004,2017,4,0.0407
WA004,2017,5,2.9671
WA004,2017,6,6.346
WA004,2017,7,4.0974
WA004,2017,8,7.2271
WA004,2017,9,0.5897
WA004,2017,10,0.2706
WA004,2017,11,0.0
WA004,2017,12,0.0
WA004,2018,1,0.0
WA004,2018,2,0.0043
WA004,2018,3,0.0297
WA004,2018,4,0.0
WA004,2018,5,1.0081
WA004,2018,6,1.5317
WA004,2018,7,5.1368
WA004,2018,8,6.129
WA004,2018,9,3.092
WA004,2018,10,0.3587
WA004,2018,11,0.0
WA004,2018,12,0.0
WA004,2019,1,0.0
WA004,2019,2,0.0
WA004,2019,3,0.0
WA004,2019,4,0.0383
WA004,2019,5,0.4648
WA004,2019,6,1.6953
WA004,2019,7,4.479
WA004,2019,8,3.7255
WA004,2019,9,2.8063
WA004,2019,10,0.3281
WA004,2019,11,0.0
WA004,2019,12,0.0
WA004,2020,1,0.0
WA004,2020,2,0.0
WA004,2020,3,0.0
WA004,2020,4,0.068
WA004,2020,5,0.5435
WA004,2020,6,2.4737
WA004,2020,7,5.3223
WA004,2020,8,8.2184
WA004,2020,9,3.6027
WA004,2020,10,0.6997
WA004,2020,11,0.0
WA004,2020,12,0.0
WA005,2001,1,0.0
WA005,2001,2,0.0
WA005,2001,3,0.0119
WA005,2001,4,3.1043
WA005,2001,5,3.3487
WA005,2001,6,6.0027
WA005,2001,7,10.4968
WA005,2001,8,9.4932
WA005,2001,9,8.939
WA005,2001,10,2.2829
WA005,2001,11,0.0
WA005,2001,12,0.0
WA005,2002,1,0.0
WA005,2002,2,0.0121
WA005,2002,3,1.8832
WA005,2002,4,3.0107
WA005,2002,5,3.1768
WA005,2002,6,8.332
WA005,2002,7,11.9523
WA005,2002,8,12.9742
WA005,2002,9,10.0393
WA005,2002,10,5.6681
WA005,2002,11,0.1183
WA005,2002,12,0.0
WA005,2003,1,0.0
WA005,2003,2,0.5254
WA005,2003,3,0.3394
WA005,2003,4,2.7003
WA005,2003,5,4.9961
WA005,2003,6,6.1793
WA005,2003,7,13.1603
WA005,2003,8,9.0032
WA005,2003,9,8.7667
WA005,2003,10,2.849
WA005,2003,11,1.2447
WA005,2003,12,0.0
WA005,2004,1,0.0
WA005,2004,2,0.2138
WA005,2004,3,0.0
WA005,2004,4,2.0087
WA005,2004,5,6.2861
WA005,2004,6,8.9093
WA005,2004,7,8.6842
WA005,2004,8,9.3981
WA005,2004,9,6.8433
WA005,2004,10,4.6426
WA005,2004,11,0.0977
WA005,2004,12,0.0
WA005,2005,1,0.0
WA005,2005,2,0.0
WA005,2005,3,0.0
WA005,2005,4,2.0373
WA005,2005,5,3.0029
WA005,2005,6,8.8563
WA005,2005,7,8.4177
WA005,2005,8,6.6281
WA005,2005,9,5.401
WA005,2005,10,4.9768
WA005,2005,11,0.0
WA005,2005,12,0.0
WA005,2006,1,0.2868
WA005,2006,2,0.4721
WA005,2006,3,0.7984
WA005,2006,4,0.9583
WA005,2006,5,4.5648
WA005,2006,6,3.53
WA005,2006,7,6.1306
WA005,2006,8,11.0781
WA005,2006,9,7.0217
WA005,2006,10,5.4903
WA005,2006,11,0.0
WA005,2006,12,0.0
WA005,2007,1,0.0
WA005,2007,2,0.0
WA005,2007,3,0.4897
WA005,2007,4,3.118
WA005,2007,5,3.1442
WA005,2007,6,5.5717
WA005,2007,7,9.6313
WA005,2007,8,9.1903
WA005,2007,9,6.944
WA005,2007,10,4.0913
WA005,2007,11,0.0
WA005,2007,12,0.0
WA005,2008,1,0.0
WA005,2008,2,0.0
WA005,2008,3,0.4568
WA005,2008,4,1.0473
WA005,2008,5,3.2477
WA005,2008,6,6.0073
WA005,2008,7,6.4371
WA005,2008,8,10.5232
WA005,2008,9,6.716
WA005,2008,10,2.131
WA005,2008,11,0.0
WA005,2008,12,0.0
WA005,2009,1,0.1197
WA005,2009,2,0.1093
WA005,2009,3,0.0
WA005,2009,4,2.2967
WA005,2009,5,3.5548
WA005,2009,6,5.4847
WA005,2009,7,5.2129
WA005,2009,8,14.0906
WA005,2009,9,6.3147
WA005,2009,10,6.48
WA005,2009,11,0.9263
WA005,2009,12,0.0
WA005,2010,1,0.0
WA005,2010,2,0.0132
WA005,2010,3,0.2113
WA005,2010,4,2.0987
WA005,2010,5,7.6926
WA005,2010,6,5.815
WA005,2010,7,8.9713
WA005,2010,8,9.319
WA005,2010,9,9.2743
WA005,2010,10,6.5674
WA005,2010,11,0.0043
WA005,2010,12,0.0
WA005,2011,1,0.0
WA005,2011,2,0.0043
WA005,2011,3,0.0
WA005,2011,4,0.7573
WA005,2011,5,6.1229
WA005,2011,6,2.98
WA005,2011,7,9.0219
WA005,2011,8,9.4594
WA005,2011,9,3.34
WA005,2011,10,3.2987
WA005,2011,11,0.0
WA005,2011,12,0.0
WA005,2012,1,0.0
WA005,2012,2,0.0
WA005,2012,3,0.0
WA005,2012,4,1.1413
WA005,2012,5,11.4258
WA005,2012,6,1.093
WA005,2012,7,11.5952
WA005,2012,8,12.0706
WA005,2012,9,9.7263
WA005,2012,10,9.1365
WA005,2012,11,0.0627
WA005,2012,12,0.0
WA005,2013,1,0.0152
WA005,2013,2,0.8968
WA005,2013,3,0.4719
WA005,2013,4,2.352
WA005,2013,5,1.5832
WA005,2013,6,7.809
WA005,2013,7,6.8158
WA005,2013,8,3.4619
WA005,2013,9,6.168
WA005,2013,10,4.3103
WA005,2013,11,0.0
WA005,2013,12,0.0
WA005,2014,1,0.0268
WA005,2014,2,0.0
WA005,2014,3,0.6903
WA005,2014,4,3.0297
WA005,2014,5,3.0813
WA005,2014,6,2.7913
WA005,2014,7,5.4465
WA005,2014,8,11.779
WA005,2014,9,10.4833
WA005,2014,10,0.7142
WA005,2014,11,0.0
WA005,2014,12,0.0
WA005,2015,1,0.0
WA005,2015,2,0.0
WA005,2015,3,0.7023
WA005,2015,4,0.0343
WA005,2015,5,0.789
WA005,2015,6,4.744
WA005,2015,7,6.0745
WA005,2015,8,8.9494
WA005,2015,9,8.2993
WA005,2015,10,2.7958
WA005,2015,11,0.0767
WA005,2015,12,0.0
WA005,2016,1,0.0
WA005,2016,2,0.0
WA005,2016,3,1.5329
WA005,2016,4,4.8503
WA005,2016,5,5.8439
WA005,2016,6,7.4263
WA005,2016,7,7.479
WA005,2016,8,9.4271
WA005,2016,9,7.0723
WA005,2016,10,3.7845
WA005,2016,11,0.0
WA005,2016,12,0.0
WA005,2017,1,0.0
WA005,2017,2,0.0
WA005,2017,3,0.0
WA005,2017,4,0.4207
WA005,2017,5,2.4648
WA005,2017,6,5.8927
WA005,2017,7,4.0455
WA005,2017,8,10.9348
WA005,2017,9,4.62
WA005,2017,10,0.7494
WA005,2017,11,0.0
WA005,2017,12,0.0
WA005,2018,1,0.0
WA005,2018,2,0.0096
WA005,2018,3,0.0
WA005,2018,4,0.0027
WA005,2018,5,0.9458
WA005,2018,6,5.9123
WA005,2018,7,4.2484
WA005,2018,8,8.3539
WA005,2018,9,11.791
WA005,2018,10,2.0029
WA005,2018,11,0.0
WA005,2018,12,0.0
WA005,2019,1,0.0
WA005,2019,2,0.0
WA005,2019,3,0.0232
WA005,2019,4,0.625
WA005,2019,5,5.3684
WA005,2019,6,5.5577
WA005,2019,7,4.3413
WA005,2019,8,8.88
WA005,2019,9,11.2163
WA005,2019,10,6.9313
WA005,2019,11,1.0163
WA005,2019,12,0.0
WA005,2020,1,0.0
WA005,2020,2,0.0
WA005,2020,3,0.1855
WA005,2020,4,1.8847
WA005,2020,5,3.0955
WA005,2020,6,8.594
WA005,2020,7,8.3752
WA005,2020,8,4.7461
WA005,2020,9,10.3797
WA005,2020,10,3.919
WA005,2020,11,0.0
WA005,2020,12,0.0
WA006,2001,1,0.0
WA006,2001,2,0.1914
WA006,2001,3,2.9816
WA006,2001,4,5.4847
WA006,2001,5,8.0497
WA006,2001,6,9.469
WA006,2001,7,1.781
WA006,2001,8,0.5129
WA006,2001,9,3.0813
WA006,2001,10,2.8994
WA006,2001,11,0.0197
WA006,2001,12,0.0061
WA006,2002,1,0.0448
WA006,2002,2,1.5496
WA006,2002,3,2.129
WA006,2002,4,6.2257
WA006,2002,5,6.2084
WA006,2002,6,6.6193
WA006,2002,7,5.761
WA006,2002,8,1.9358
WA006,2002,9,1.8833
WA006,2002,10,5.4681
WA006,2002,11,1.5763
WA006,2002,12,0.2935
WA006,2003,1,0.3103
WA006,2003,2,0.4132
WA006,2003,3,2.671
WA006,2003,4,2.8637
WA006,2003,5,4.8968
WA006,2003,6,5.3613
WA006,2003,7,1.79
WA006,2003,8,1.0577
WA006,2003,9,1.264
WA006,2003,10,5.0374
WA006,2003,11,2.421
WA006,2003,12,0.859
WA006,2004,1,0.871
WA006,2004,2,0.1183
WA006,2004,3,1.54
WA006,2004,4,1.9527
WA006,2004,5,5.3229
WA006,2004,6,3.5847
WA006,2004,7,2.41
WA006,2004,8,1.4839
WA006,2004,9,3.903
WA006,2004,10,6.0539
WA006,2004,11,4.375
WA006,2004,12,1.2797
WA006,2005,1,0.0061
WA006,2005,2,2.4932
WA006,2005,3,3.2761
WA006,2005,4,2.9547
WA006,2005,5,4.8897
WA006,2005,6,4.7113
WA006,2005,7,1.3974
WA006,2005,8,1.0671
WA006,2005,9,2.2977
WA006,2005,10,4.3645
WA006,2005,11,3.4963
WA006,2005,12,1.4074
WA006,2006,1,1.4823
WA006,2006,2,2.0136
WA006,2006,3,3.5703
WA006,2006,4,3.1867
WA006,2006,5,9.4348
WA006,2006,6,4.9273
WA006,2006,7,1.6471
WA006,2006,8,2.4716
WA006,2006,9,5.3217
WA006,2006,10,5.9268
WA006,2006,11,2.0307
WA006,2006,12,0.1023
WA006,2007,1,0.0
WA006,2007,2,0.8311
WA006,2007,3,2.1239
WA006,2007,4,4.383
WA006,2007,5,3.0613
WA006,2007,6,5.7257
WA006,2007,7,3.8894
WA006,2007,8,1.7197
WA006,2007,9,5.676
WA006,2007,10,5.5394
WA006,2007,11,0.978
WA006,2007,12,0.2419
WA006,2008,1,0.1342
WA006,2008,2,0.0152
WA006,2008,3,5.1348
WA006,2008,4,5.197
WA006,2008,5,8.4568
WA006,2008,6,4.7147
WA006,2008,7,3.1606
WA006,2008,8,4.2716
WA006,2008,9,2.472
WA006,2008,10,3.1519
WA006,2008,11,3.6913
WA006,2008,12,0.0981
WA006,2009,1,0.0061
WA006,2009,2,0.8704
WA006,2009,3,1.1565
WA006,2009,4,4.464
WA006,2009,5,1.6239
WA006,2009,6,6.5223
WA006,2009,7,2.8545
WA006,2009,8,1.3123
WA006,2009,9,1.618
WA006,2009,10,2.5516
WA006,2009,11,1.644
WA006,2009,12,0.5381
WA006,2010,1,2.4406
WA006,2010,2,3.7557
WA006,2010,3,0.6916
WA006,2010,4,2.4107
WA006,2010,5,6.5071
WA006,2010,6,7.9077
WA006,2010,7,2.6316
WA006,2010,8,2.1084
WA006,2010,9,2.6657
WA006,2010,10,4.8216
WA006,2010,11,3.7043
WA006,2010,12,1.6839
WA006,2011,1,0.0
WA006,2011,2,8.24
WA006,2011,3,0.0287
WA006,2011,4,4.3863
WA006,2011,5,6.2926
WA006,2011,6,5.9863
WA006,2011,7,4.3119
WA006,2011,8,1.4403
WA006,2011,9,1.8787
WA006,2011,10,8.2803
WA006,2011,11,1.6347
WA006,2011,12,0.001
WA006,2012,1,0.2452
WA006,2012,2,0.9831
WA006,2012,3,0.2997
WA006,2012,4,3.236
WA006,2012,5,4.2729
WA006,2012,6,7.9653
WA006,2012,7,2.4265
WA006,2012,8,0.5048
WA006,2012,9,3.5583
WA006,2012,10,8.0006
WA006,2012,11,1.786
WA006,2012,12,0.1145
WA006,2013,1,1.3668
WA006,2013,2,0.0229
WA006,2013,3,2.8106
WA006,2013,4,1.677
WA006,2013,5,3.8194
WA006,2013,6,3.745
WA006,2013,7,1.4516
WA006,2013,8,0.0139
WA006,2013,9,2.4373
WA006,2013,10,0.4306
WA006,2013,11,0.2557
WA006,2013,12,0.0742
WA006,2014,1,0.0677
WA006,2014,2,2.5925
WA006,2014,3,2.5848
WA006,2014,4,4.9793
WA006,2014,5,4.3426
WA006,2014,6,7.564
WA006,2014,7,4.4258
WA006,2014,8,3.1555
WA006,2014,9,4.206
WA006,2014,10,3.6697
WA006,2014,11,2.319
WA006,2014,12,0.7297
WA006,2015,1,0.2332
WA006,2015,2,1.6311
WA006,2015,3,5.0681
WA006,2015,4,2.539
WA006,2015,5,2.9077
WA006,2015,6,7.088
WA006,2015,7,1.2142
WA006,2015,8,0.1984
WA006,2015,9,0.4127
WA006,2015,10,4.7503
WA006,2015,11,1.1593
WA006,2015,12,0.1155
WA006,2016,1,0.0716
WA006,2016,2,0.0628
WA006,2016,3,5.7181
WA006,2016,4,1.8967
WA006,2016,5,5.6548
WA006,2016,6,6.6187
WA006,2016,7,1.3729
WA006,2016,8,1.3568
WA006,2016,9,3.608
WA006,2016,10,6.0135
WA006,2016,11,1.971
WA006,2016,12,0.0568
WA006,2017,1,1.4181
WA006,2017,2,1.3711
WA006,2017,3,2.7503
WA006,2017,4,4.775
WA006,2017,5,8.2123
WA006,2017,6,9.016
WA006,2017,7,3.0081
WA006,2017,8,1.2887
WA006,2017,9,3.6193
WA006,2017,10,4.0184
WA006,2017,11,0.6047
WA006,2017,12,1.0752
WA006,2018,1,0.0197
WA006,2018,2,0.6807
WA006,2018,3,0.77
WA006,2018,4,1.6087
WA006,2018,5,5.8477
WA006,2018,6,4.5427
WA006,2018,7,0.929
WA006,2018,8,3.3313
WA006,2018,9,4.3543
WA006,2018,10,4.7813
WA006,2018,11,2.1507
WA006,2018,12,0.3606
WA006,2019,1,0.2835
WA006,2019,2,1.8889
WA006,2019,3,4.2797
WA006,2019,4,3.106
WA006,2019,5,7.5955
WA006,2019,6,4.99
WA006,2019,7,2.6935
WA006,2019,8,1.3048
WA006,2019,9,4.0127
WA006,2019,10,5.5745
WA006,2019,11,3.585
WA006,2019,12,0.1229
WA006,2020,1,0.0174
WA006,2020,2,0.1003
WA006,2020,3,2.2971
WA006,2020,4,2.156
WA006,2020,5,7.1952
WA006,2020,6,6.0527
WA006,2020,7,1.6929
WA006,2020,8,0.6455
WA006,2020,9,2.3067
WA006,2020,10,5.2052
WA006,2020,11,3.327
WA006,2020,12,0.6103
WA007,2001,1,0.0
WA007,2001,2,1.6064
WA007,2001,3,3.4748
WA007,2001,4,7.3817
WA007,2001,5,2.6019
WA007,2001,6,11.2403
WA007,2001,7,8.4626
WA007,2001,8,2.0371
WA007,2001,9,1.8163
WA007,2001,10,6.8626
WA007,2001,11,3.08
WA007,2001,12,2.1652
WA007,2002,1,1.0665
WA007,2002,2,1.7057
WA007,2002,3,1.2777
WA007,2002,4,3.744
WA007,2002,5,4.1277
WA007,2002,6,6.3507
WA007,2002,7,10.6816
WA007,2002,8,6.1371
WA007,2002,9,0.7323
WA007,2002,10,2.1794
WA007,2002,11,1.834
WA007,2002,12,2.1587
WA007,2003,1,0.2119
WA007,2003,2,1.5643
WA007,2003,3,4.6048
WA007,2003,4,4.1323
WA007,2003,5,2.9955
WA007,2003,6,6.6897
WA007,2003,7,0.061
WA007,2003,8,0.7377
WA007,2003,9,2.7857
WA007,2003,10,8.9526
WA007,2003,11,1.4823
WA007,2003,12,2.5339
WA007,2004,1,1.5039
WA007,2004,2,2.0834
WA007,2004,3,1.8074
WA007,2004,4,5.057
WA007,2004,5,4.1206
WA007,2004,6,8.225
WA007,2004,7,0.8
WA007,2004,8,2.3013
WA007,2004,9,9.8047
WA007,2004,10,10.3755
WA007,2004,11,2.371
WA007,2004,12,0.8461
WA007,2005,1,0.1865
WA007,2005,2,1.7511
WA007,2005,3,5.299
WA007,2005,4,6.8133
WA007,2005,5,8.5729
WA007,2005,6,10.797
WA007,2005,7,4.1694
WA007,2005,8,1.1523
WA007,2005,9,1.4507
WA007,2005,10,6.2548
WA007,2005,11,5.133
WA007,2005,12,1.001
WA007,2006,1,1.6981
WA007,2006,2,1.465
WA007,2006,3,3.9861
WA007,2006,4,3.7343
WA007,2006,5,9.3903
WA007,2006,6,5.4897
WA007,2006,7,3.9658
WA007,2006,8,2.6758
WA007,2006,9,4.0123
WA007,2006,10,5.519
WA007,2006,11,3.5293
WA007,2006,12,0.4558
WA007,2007,1,0.0648
WA007,2007,2,3.0314
WA007,2007,3,6.3094
WA007,2007,4,4.3833
WA007,2007,5,2.1235
WA007,2007,6,7.1183
WA007,2007,7,9.0842
WA007,2007,8,1.6703
WA007,2007,9,2.496
WA007,2007,10,6.4794
WA007,2007,11,3.8733
WA007,2007,12,0.7497
WA007,2008,1,0.0255
WA007,2008,2,1.801
WA007,2008,3,5.9061
WA007,2008,4,4.7137
WA007,2008,5,8.2352
WA007,2008,6,7.682
WA007,2008,7,2.6284
WA007,2008,8,1.3571
WA007,2008,9,4.355
WA007,2008,10,4.1606
WA007,2008,11,3.601
WA007,2008,12,1.9381
WA007,2009,1,0.4242
WA007,2009,2,2.0943
WA007,2009,3,2.861
WA007,2009,4,4.4973
WA007,2009,5,6.1219
WA007,2009,6,14.055
WA007,2009,7,7.0203
WA007,2009,8,2.6223
WA007,2009,9,1.303
WA007,2009,10,2.1539
WA007,2009,11,2.642
WA007,2009,12,0.5619
WA007,2010,1,1.3981
WA007,2010,2,3.4271
WA007,2010,3,1.4123
WA007,2010,4,4.0387
WA007,2010,5,8.27
WA007,2010,6,5.0853
WA007,2010,7,5.0406
WA007,2010,8,4.6752
WA007,2010,9,6.9473
WA007,2010,10,8.8213
WA007,2010,11,2.9157
WA007,2010,12,2.3655
WA007,2011,1,0.909
WA007,2011,2,4.1671
WA007,2011,3,1.26
WA007,2011,4,2.2523
WA007,2011,5,6.2784
WA007,2011,6,6.2103
WA007,2011,7,3.1958
WA007,2011,8,1.6165
WA007,2011,9,4.2687
WA007,2011,10,9.6016
WA007,2011,11,3.591
WA007,2011,12,3.3326
WA007,2012,1,0.4961
WA007,2012,2,2.039
WA007,2012,3,1.8135
WA007,2012,4,3.0887
WA007,2012,5,5.0477
WA007,2012,6,6.8067
WA007,2012,7,2.7203
WA007,2012,8,0.8529
WA007,2012,9,2.0117
WA007,2012,10,6.4261
WA007,2012,11,5.252
WA007,2012,12,3.7019
WA007,2013,1,0.001
WA007,2013,2,1.935
WA007,2013,3,2.8239
WA007,2013,4,3.1987
WA007,2013,5,10.5839
WA007,2013,6,4.808
WA007,2013,7,3.9803
WA007,2013,8,1.2477
WA007,2013,9,3.3687
WA007,2013,10,2.5984
WA007,2013,11,7.5717
WA007,2013,12,2.011
WA007,2014,1,0.7039
WA007,2014,2,2.6529
WA007,2014,3,3.2477
WA007,2014,4,6.06
WA007,2014,5,4.91
WA007,2014,6,7.753
WA007,2014,7,12.1129
WA007,2014,8,0.9123
WA007,2014,9,3.6803
WA007,2014,10,3.2419
WA007,2014,11,4.641
WA007,2014,12,2.0158
WA007,2015,1,0.7045
WA007,2015,2,3.08
WA007,2015,3,5.2606
WA007,2015,4,3.6397
WA007,2015,5,4.2677
WA007,2015,6,15.0227
WA007,2015,7,2.4942
WA007,2015,8,0.9119
WA007,2015,9,1.007
WA007,2015,10,9.1719
WA007,2015,11,6.4173
WA007,2015,12,0.1777
WA007,2016,1,0.4471
WA007,2016,2,1.0331
WA007,2016,3,5.1568
WA007,2016,4,3.2097
WA007,2016,5,6.9648
WA007,2016,6,5.9513
WA007,2016,7,0.2365
WA007,2016,8,1.4816
WA007,2016,9,4.555
WA007,2016,10,4.5952
WA007,2016,11,4.2083
WA007,2016,12,1.611
WA007,2017,1,3.3406
WA007,2017,2,1.5911
WA007,2017,3,1.4523
WA007,2017,4,4.0793
WA007,2017,5,5.2252
WA007,2017,6,8.131
WA007,2017,7,2.1848
WA007,2017,8,2.9148
WA007,2017,9,2.5493
WA007,2017,10,12.4952
WA007,2017,11,6.2097
WA007,2017,12,2.5384
WA007,2018,1,0.2223
WA007,2018,2,5.505
WA007,2018,3,3.2468
WA007,2018,4,2.8217
WA007,2018,5,8.8023
WA007,2018,6,7.3993
WA007,2018,7,3.2632
WA007,2018,8,2.9577
WA007,2018,9,3.645
WA007,2018,10,5.3068
WA007,2018,11,4.5737
WA007,2018,12,0.49
WA007,2019,1,0.8387
WA007,2019,2,1.5918
WA007,2019,3,4.8758
WA007,2019,4,5.017
WA007,2019,5,8.6116
WA007,2019,6,2.383
WA007,2019,7,2.2861
WA007,2019,8,1.1219
WA007,2019,9,9.1637
WA007,2019,10,11.8461
WA007,2019,11,3.9137
WA007,2019,12,1.2187
WA007,2020,1,0.2448
WA007,2020,2,0.8676
WA007,2020,3,4.5794
WA007,2020,4,3.8467
WA007,2020,5,6.2874
WA007,2020,6,14.6057
WA007,2020,7,0.9045
WA007,2020,8,1.1145
WA007,2020,9,2.1787
WA007,2020,10,12.1245
WA007,2020,11,6.3427
WA007,2020,12,2.5916
WA008,2001,1,0.0
WA008,2001,2,0.0
WA008,2001,3,0.0
WA008,2001,4,0.0
WA008,2001,5,1.1813
WA008,2001,6,17.503
WA008,2001,7,20.3426
WA008,2001,8,35.7268
WA008,2001,9,20.813
WA008,2001,10,8.8187
WA008,2001,11,0.199
WA008,2001,12,0.0
WA008,2002,1,0.0
WA008,2002,2,0.0
WA008,2002,3,0.0
WA008,2002,4,0.0
WA008,2002,5,0.4371
WA008,2002,6,13.6427
WA008,2002,7,12.7723
WA008,2002,8,30.0665
WA008,2002,9,15.0327
WA008,2002,10,8.6242
WA008,2002,11,0.426
WA008,2002,12,0.0
WA008,2003,1,0.0
WA008,2003,2,0.0
WA008,2003,3,0.0
WA008,2003,4,0.783
WA008,2003,5,4.0529
WA008,2003,6,16.817
WA008,2003,7,27.6
WA008,2003,8,29.5032
WA008,2003,9,17.174
WA008,2003,10,8.2394
WA008,2003,11,3.381
WA008,2003,12,0.0
WA008,2004,1,0.0
WA008,2004,2,0.001
WA008,2004,3,0.0
WA008,2004,4,0.5193
WA008,2004,5,0.9513
WA008,2004,6,12.1293
WA008,2004,7,26.449
WA008,2004,8,12.239
WA008,2004,9,14.7303
WA008,2004,10,7.1974
WA008,2004,11,2.49
WA008,2004,12,0.0
WA008,2005,1,0.0
WA008,2005,2,0.0
WA008,2005,3,0.3258
WA008,2005,4,0.0
WA008,2005,5,1.6032
WA008,2005,6,11.803
WA008,2005,7,9.77
WA008,2005,8,14.3174
WA008,2005,9,12.328
WA008,2005,10,9.9861
WA008,2005,11,4.436
WA008,2005,12,0.0923
WA008,2006,1,0.0
WA008,2006,2,0.0
WA008,2006,3,0.0
WA008,2006,4,0.5343
WA008,2006,5,1.6103
WA008,2006,6,6.6807
WA008,2006,7,14.1371
WA008,2006,8,48.9852
WA008,2006,9,14.7663
WA008,2006,10,10.1906
WA008,2006,11,1.4597
WA008,2006,12,0.0
WA008,2007,1,0.0
WA008,2007,2,0.3618
WA008,2007,3,0.0
WA008,2007,4,0.0
WA008,2007,5,1.9781
WA008,2007,6,6.1697
WA008,2007,7,28.0355
WA008,2007,8,27.6742
WA008,2007,9,13.3027
WA008,2007,10,6.9071
WA008,2007,11,0.3423
WA008,2007,12,0.0
WA008,2008,1,0.0
WA008,2008,2,0.0
WA008,2008,3,0.0
WA008,2008,4,0.023
WA008,2008,5,4.8381
WA008,2008,6,11.8193
WA008,2008,7,26.5352
WA008,2008,8,28.2716
WA008,2008,9,18.0943
WA008,2008,10,10.0455
WA008,2008,11,0.086
WA008,2008,12,0.0
WA008,2009,1,0.0
WA008,2009,2,0.0
WA008,2009,3,0.0
WA008,2009,4,0.0
WA008,2009,5,3.7723
WA008,2009,6,12.1997
WA008,2009,7,26.46
WA008,2009,8,9.6181
WA008,2009,9,12.082
WA008,2009,10,1.2397
WA008,2009,11,0.7073
WA008,2009,12,0.0
WA008,2010,1,0.0
WA008,2010,2,0.0
WA008,2010,3,0.0
WA008,2010,4,0.0
WA008,2010,5,4.9387
WA008,2010,6,11.777
WA008,2010,7,4.3223
WA008,2010,8,2.9119
WA008,2010,9,1.2187
WA008,2010,10,1.8006
WA008,2010,11,0.364
WA008,2010,12,0.0
WA008,2011,1,0.0
WA008,2011,2,0.0
WA008,2011,3,0.0
WA008,2011,4,0.0
WA008,2011,5,0.0
WA008,2011,6,11.862
WA008,2011,7,26.5794
WA008,2011,8,27.7352
WA008,2011,9,1.1897
WA008,2011,10,0.9165
WA008,2011,11,0.5097
WA008,2011,12,0.0
WA008,2012,1,0.0
WA008,2012,2,0.0
WA008,2012,3,0.0
WA008,2012,4,1.2747
WA008,2012,5,2.1594
WA008,2012,6,10.0617
WA008,2012,7,29.7281
WA008,2012,8,25.8397
WA008,2012,9,18.666
WA008,2012,10,10.7323
WA008,2012,11,2.8003
WA008,2012,12,0.0
WA008,2013,1,0.0032
WA008,2013,2,0.0
WA008,2013,3,0.0
WA008,2013,4,0.0333
WA008,2013,5,7.2132
WA008,2013,6,28.7913
WA008,2013,7,19.2277
WA008,2013,8,25.8106
WA008,2013,9,17.9167
WA008,2013,10,10.9335
WA008,2013,11,2.6507
WA008,2013,12,0.0
WA008,2014,1,0.0
WA008,2014,2,0.0
WA008,2014,3,0.0
WA008,2014,4,1.1463
WA008,2014,5,2.2416
WA008,2014,6,13.333
WA008,2014,7,25.111
WA008,2014,8,26.3281
WA008,2014,9,19.5593
WA008,2014,10,9.9645
WA008,2014,11,0.0423
WA008,2014,12,0.0
WA008,2015,1,0.0
WA008,2015,2,0.0
WA008,2015,3,0.0
WA008,2015,4,1.7717
WA008,2015,5,5.8352
WA008,2015,6,14.21
WA008,2015,7,28.2294
WA008,2015,8,18.9477
WA008,2015,9,13.295
WA008,2015,10,14.8484
WA008,2015,11,1.3757
WA008,2015,12,0.0
WA008,2016,1,0.0719
WA008,2016,2,0.0
WA008,2016,3,0.0
WA008,2016,4,1.397
WA008,2016,5,2.8729
WA008,2016,6,18.0853
WA008,2016,7,34.6455
WA008,2016,8,21.5284
WA008,2016,9,19.864
WA008,2016,10,5.1035
WA008,2016,11,1.8047
WA008,2016,12,0.0
WA008,2017,1,0.0
WA008,2017,2,0.0
WA008,2017,3,0.0
WA008,2017,4,1.2807
WA008,2017,5,4.5084
WA008,2017,6,25.9343
WA008,2017,7,34.1936
WA008,2017,8,31.0935
WA008,2017,9,15.487
WA008,2017,10,3.7145
WA008,2017,11,3.0547
WA008,2017,12,0.0
WA008,2018,1,0.0
WA008,2018,2,0.26
WA008,2018,3,0.0
WA008,2018,4,0.0
WA008,2018,5,0.7303
WA008,2018,6,12.2537
WA008,2018,7,6.6468
WA008,2018,8,16.4119
WA008,2018,9,15.5843
WA008,2018,10,6.571
WA008,2018,11,4.228
WA008,2018,12,0.0
WA008,2019,1,0.0
WA008,2019,2,0.0
WA008,2019,3,0.0
WA008,2019,4,1.0183
WA008,2019,5,4.6435
WA008,2019,6,4.0633
WA008,2019,7,24.5061
WA008,2019,8,33.9968
WA008,2019,9,15.9617
WA008,2019,10,7.5874
WA008,2019,11,3.999
WA008,2019,12,0.0
WA008,2020,1,0.0
WA008,2020,2,0.0
WA008,2020,3,0.0
WA008,2020,4,0.2693
WA008,2020,5,4.8419
WA008,2020,6,4.657
WA008,2020,7,22.2606
WA008,2020,8,12.5845
WA008,2020,9,13.809
WA008,2020,10,7.3161
WA008,2020,11,0.0563
WA008,2020,12,0.0
WA009,2001,1,0.0
WA009,2001,2,0.0
WA009,2001,3,0.0
WA009,2001,4,0.0
WA009,2001,5,1.2445
WA009,2001,6,16.1513
WA009,2001,7,16.3626
WA009,2001,8,34.8758
WA009,2001,9,20.1967
WA009,2001,10,8.2377
WA009,2001,11,0.21
WA009,2001,12,0.0
WA009,2002,1,0.0
WA009,2002,2,0.0
WA009,2002,3,0.0
WA009,2002,4,0.0
WA009,2002,5,0.4313
WA009,2002,6,17.1913
WA009,2002,7,7.8842
WA009,2002,8,30.0103
WA009,2002,9,14.3067
WA009,2002,10,8.4294
WA009,2002,11,0.6003
WA009,2002,12,0.0
WA009,2003,1,0.0
WA009,2003,2,0.0
WA009,2003,3,0.0
WA009,2003,4,1.012
WA009,2003,5,4.3032
WA009,2003,6,18.048
WA009,2003,7,23.6652
WA009,2003,8,26.1468
WA009,2003,9,16.5287
WA009,2003,10,7.9758
WA009,2003,11,4.1473
WA009,2003,12,0.0
WA009,2004,1,0.0
WA009,2004,2,0.0238
WA009,2004,3,0.0
WA009,2004,4,0.913
WA009,2004,5,1.9358
WA009,2004,6,12.0407
WA009,2004,7,22.6019
WA009,2004,8,8.2326
WA009,2004,9,14.3733
WA009,2004,10,6.9013
WA009,2004,11,3.9357
WA009,2004,12,0.0
WA009,2005,1,0.0
WA009,2005,2,0.0
WA009,2005,3,0.5484
WA009,2005,4,0.0
WA009,2005,5,1.9632
WA009,2005,6,11.752
WA009,2005,7,2.9135
WA009,2005,8,10.7252
WA009,2005,9,11.1753
WA009,2005,10,9.7281
WA009,2005,11,5.665
WA009,2005,12,0.4619
WA009,2006,1,0.0
WA009,2006,2,0.0
WA009,2006,3,0.0
WA009,2006,4,0.6127
WA009,2006,5,2.3561
WA009,2006,6,6.167
WA009,2006,7,10.1761
WA009,2006,8,49.3274
WA009,2006,9,14.9953
WA009,2006,10,10.0861
WA009,2006,11,2.7983
WA009,2006,12,0.0
WA009,2007,1,0.0
WA009,2007,2,0.4932
WA009,2007,3,0.0
WA009,2007,4,0.0
WA009,2007,5,3.2426
WA009,2007,6,5.8227
WA009,2007,7,7.0874
WA009,2007,8,25.8903
WA009,2007,9,11.862
WA009,2007,10,6.0226
WA009,2007,11,1.171
WA009,2007,12,0.0
WA009,2008,1,0.0
WA009,2008,2,0.0
WA009,2008,3,0.0
WA009,2008,4,0.001
WA009,2008,5,5.7523
WA009,2008,6,11.257
WA009,2008,7,23.1216
WA009,2008,8,26.5123
WA009,2008,9,17.717
WA009,2008,10,9.6997
WA009,2008,11,0.2887
WA009,2008,12,0.0
WA009,2009,1,0.0
WA009,2009,2,0.0
WA009,2009,3,0.0
WA009,2009,4,0.0
WA009,2009,5,4.8242
WA009,2009,6,12.2093
WA009,2009,7,23.4587
WA009,2009,8,5.5597
WA009,2009,9,11.0707
WA009,2009,10,0.4829
WA009,2009,11,1.634
WA009,2009,12,0.0
WA009,2010,1,0.0
WA009,2010,2,0.0
WA009,2010,3,0.0
WA009,2010,4,0.0
WA009,2010,5,6.0071
WA009,2010,6,11.4737
WA009,2010,7,0.0
WA009,2010,8,0.0
WA009,2010,9,0.0
WA009,2010,10,0.9939
WA009,2010,11,1.121
WA009,2010,12,0.0
WA009,2011,1,0.0
WA009,2011,2,0.0
WA009,2011,3,0.0
WA009,2011,4,0.0
WA009,2011,5,0.0
WA009,2011,6,11.6993
WA009,2011,7,23.5877
WA009,2011,8,25.8142
WA009,2011,9,0.0
WA009,2011,10,0.2332
WA009,2011,11,1.4297
WA009,2011,12,0.0
WA009,2012,1,0.0
WA009,2012,2,0.0
WA009,2012,3,0.0
WA009,2012,4,2.1513
WA009,2012,5,2.8052
WA009,2012,6,9.243
WA009,2012,7,25.4026
WA009,2012,8,22.2284
WA009,2012,9,17.429
WA009,2012,10,10.2603
WA009,2012,11,3.843
WA009,2012,12,0.0
WA009,2013,1,0.07
WA009,2013,2,0.0
WA009,2013,3,0.0
WA009,2013,4,0.1333
WA009,2013,5,8.5232
WA009,2013,6,30.4283
WA009,2013,7,13.4339
WA009,2013,8,23.4736
WA009,2013,9,16.666
WA009,2013,10,10.1681
WA009,2013,11,3.6007
WA009,2013,12,0.0
WA009,2014,1,0.0
WA009,2014,2,0.0
WA009,2014,3,0.0
WA009,2014,4,1.729
WA009,2014,5,2.8
WA009,2014,6,13.5077
WA009,2014,7,21.3406
WA009,2014,8,23.2494
WA009,2014,9,21.2767
WA009,2014,10,6.8745
WA009,2014,11,0.0347
WA009,2014,12,0.0
WA009,2015,1,0.0
WA009,2015,2,0.0
WA009,2015,3,0.0029
WA009,2015,4,2.5297
WA009,2015,5,7.2932
WA009,2015,6,13.8967
WA009,2015,7,21.6239
WA009,2015,8,14.5348
WA009,2015,9,10.245
WA009,2015,10,12.6516
WA009,2015,11,2.5177
WA009,2015,12,0.0
WA009,2016,1,0.2119
WA009,2016,2,0.0
WA009,2016,3,0.0
WA009,2016,4,1.7357
WA009,2016,5,3.6726
WA009,2016,6,18.2967
WA009,2016,7,31.7445
WA009,2016,8,19.0535
WA009,2016,9,19.2933
WA009,2016,10,4.1897
WA009,2016,11,2.8813
WA009,2016,12,0.0
WA009,2017,1,0.0
WA009,2017,2,0.0
WA009,2017,3,0.0
WA009,2017,4,1.9793
WA009,2017,5,5.7977
WA009,2017,6,26.657
WA009,2017,7,31.1984
WA009,2017,8,28.9245
WA009,2017,9,14.684
WA009,2017,10,3.0455
WA009,2017,11,4.3833
WA009,2017,12,0.0
WA009,2018,1,0.0
WA009,2018,2,0.395
WA009,2018,3,0.0
WA009,2018,4,0.0
WA009,2018,5,1.3552
WA009,2018,6,11.44
WA009,2018,7,0.0
WA009,2018,8,12.6261
WA009,2018,9,14.7387
WA009,2018,10,6.1513
WA009,2018,11,5.776
WA009,2018,12,0.0
WA009,2019,1,0.0
WA009,2019,2,0.0
WA009,2019,3,0.0016
WA009,2019,4,1.497
WA009,2019,5,5.5681
WA009,2019,6,3.281
WA009,2019,7,20.2455
WA009,2019,8,23.3435
WA009,2019,9,7.0527
WA009,2019,10,7.8758
WA009,2019,11,5.4737
WA009,2019,12,0.0
WA009,2020,1,0.0
WA009,2020,2,0.0
WA009,2020,3,0.0
WA009,2020,4,0.3533
WA009,2020,5,5.629
WA009,2020,6,3.6733
WA009,2020,7,18.3177
WA009,2020,8,8.2661
WA009,2020,9,12.3733
WA009,2020,10,6.8035
WA009,2020,11,0.137
WA009,2020,12,0.0
WA010,2001,1,0.0123
WA010,2001,2,0.0004
WA010,2001,3,1.6387
WA010,2001,4,3.471
WA010,2001,5,5.9168
WA010,2001,6,16.2133
WA010,2001,7,12.3845
WA010,2001,8,20.5342
WA010,2001,9,20.448
WA010,2001,10,10.8365
WA010,2001,11,8.5463
WA010,2001,12,0.1077
WA010,2002,1,1.7419
WA010,2002,2,1.1875
WA010,2002,3,3.1774
WA010,2002,4,3.265
WA010,2002,5,9.1806
WA010,2002,6,8.727
WA010,2002,7,17.9606
WA010,2002,8,24.4113
WA010,2002,9,13.2177
WA010,2002,10,5.5055
WA010,2002,11,0.5157
WA010,2002,12,0.8665
WA010,2003,1,0.0968
WA010,2003,2,2.4418
WA010,2003,3,0.7997
WA010,2003,4,12.1153
WA010,2003,5,7.0365
WA010,2003,6,19.783
WA010,2003,7,18.9687
WA010,2003,8,18.9971
WA010,2003,9,18.1677
WA010,2003,10,11.1964
WA010,2003,11,6.4623
WA010,2003,12,0.5106
WA010,2004,1,0.4616
WA010,2004,2,1.0528
WA010,2004,3,2.0735
WA010,2004,4,2.5267
WA010,2004,5,8.1132
WA010,2004,6,7.867
WA010,2004,7,17.9471
WA010,2004,8,12.0123
WA010,2004,9,22.409
WA010,2004,10,9.7642
WA010,2004,11,7.5287
WA010,2004,12,0.3135
WA010,2005,1,0.1477
WA010,2005,2,2.4593
WA010,2005,3,3.0571
WA010,2005,4,5.767
WA010,2005,5,7.3723
WA010,2005,6,8.5323
WA010,2005,7,7.6903
WA010,2005,8,14.3487
WA010,2005,9,17.085
WA010,2005,10,6.9477
WA010,2005,11,1.72
WA010,2005,12,1.9597
WA010,2006,1,0.0
WA010,2006,2,0.3211
WA010,2006,3,2.011
WA010,2006,4,5.0647
WA010,2006,5,5.1945
WA010,2006,6,17.4497
WA010,2006,7,15.7061
WA010,2006,8,33.1603
WA010,2006,9,25.081
WA010,2006,10,11.8223
WA010,2006,11,5.6773
WA010,2006,12,0.3977
WA010,2007,1,0.2687
WA010,2007,2,1.5746
WA010,2007,3,3.0968
WA010,2007,4,4.3573
WA010,2007,5,3.2548
WA010,2007,6,16.195
WA010,2007,7,8.6481
WA010,2007,8,11.191
WA010,2007,9,16.4043
WA010,2007,10,11.2974
WA010,2007,11,5.2897
WA010,2007,12,1.9394
WA010,2008,1,0.4081
WA010,2008,2,1.4386
WA010,2008,3,2.6568
WA010,2008,4,4.1703
WA010,2008,5,4.1074
WA010,2008,6,14.1713
WA010,2008,7,15.0061
WA010,2008,8,16.4561
WA010,2008,9,15.575
WA010,2008,10,11.0558
WA010,2008,11,1.5387
WA010,2008,12,0.7555
WA010,2009,1,0.141
WA010,2009,2,1.6396
WA010,2009,3,4.171
WA010,2009,4,1.248
WA010,2009,5,3.1077
WA010,2009,6,11.3913
WA010,2009,7,10.4448
WA010,2009,8,13.36
WA010,2009,9,18.873
WA010,2009,10,3.9323
WA010,2009,11,2.5603
WA010,2009,12,0.179
WA010,2010,1,0.7297
WA010,2010,2,1.155
WA010,2010,3,2.2542
WA010,2010,4,6.375
WA010,2010,5,10.1274
WA010,2010,6,18.333
WA010,2010,7,12.3965
WA010,2010,8,16.1729
WA010,2010,9,12.3707
WA010,2010,10,13.7403
WA010,2010,11,3.2047
WA010,2010,12,2.1203
WA010,2011,1,0.5094
WA010,2011,2,1.42
WA010,2011,3,1.7106
WA010,2011,4,4.8723
WA010,2011,5,11.569
WA010,2011,6,13.8127
WA010,2011,7,14.3884
WA010,2011,8,16.8477
WA010,2011,9,16.1533
WA010,2011,10,7.8835
WA010,2011,11,5.637
WA010,2011,12,1.179
WA010,2012,1,0.0681
WA010,2012,2,1.6107
WA010,2012,3,1.9906
WA010,2012,4,2.8657
WA010,2012,5,9.7919
WA010,2012,6,9.476
WA010,2012,7,11.1329
WA010,2012,8,17.9087
WA010,2012,9,11.69
WA010,2012,10,12.3755
WA010,2012,11,4.231
WA010,2012,12,1.9716
WA010,2013,1,0.481
WA010,2013,2,1.7704
WA010,2013,3,2.4855
WA010,2013,4,2.4547
WA010,2013,5,8.5277
WA010,2013,6,21.8343
WA010,2013,7,13.8177
WA010,2013,8,15.9548
WA010,2013,9,18.948
WA010,2013,10,8.5158
WA010,2013,11,7.465
WA010,2013,12,3.6581
WA010,2014,1,0.7474
WA010,2014,2,2.0789
WA010,2014,3,3.3952
WA010,2014,4,5.9237
WA010,2014,5,7.02
WA010,2014,6,12.4893
WA010,2014,7,17.8474
WA010,2014,8,21.0113
WA010,2014,9,16.8357
WA010,2014,10,11.4242
WA010,2014,11,5.0603
WA010,2014,12,0.3881
WA010,2015,1,0.33
WA010,2015,2,2.4382
WA010,2015,3,2.369
WA010,2015,4,3.6883
WA010,2015,5,6.6513
WA010,2015,6,16.5623
WA010,2015,7,15.5616
WA010,2015,8,24.5774
WA010,2015,9,10.6463
WA010,2015,10,12.5581
WA010,2015,11,4.7073
WA010,2015,12,2.6887
WA010,2016,1,0.8806
WA010,2016,2,0.2124
WA010,2016,3,1.7539
WA010,2016,4,2.3103
WA010,2016,5,6.1755
WA010,2016,6,19.1263
WA010,2016,7,15.5952
WA010,2016,8,18.2016
WA010,2016,9,20.01
WA010,2016,10,13.1065
WA010,2016,11,0.1287
WA010,2016,12,0.0119
WA010,2017,1,0.2535
WA010,2017,2,0.0757
WA010,2017,3,0.3542
WA010,2017,4,3.9213
WA010,2017,5,12.1865
WA010,2017,6,16.4317
WA010,2017,7,15.441
WA010,2017,8,21.151
WA010,2017,9,18.976
WA010,2017,10,8.2926
WA010,2017,11,4.9393
WA010,2017,12,0.0206
WA010,2018,1,0.0494
WA010,2018,2,1.7418
WA010,2018,3,0.449
WA010,2018,4,0.7503
WA010,2018,5,0.6423
WA010,2018,6,14.057
WA010,2018,7,10.2132
WA010,2018,8,14.4358
WA010,2018,9,12.8977
WA010,2018,10,6.1619
WA010,2018,11,4.5507
WA010,2018,12,1.4194
WA010,2019,1,1.439
WA010,2019,2,0.5993
WA010,2019,3,0.02
WA010,2019,4,5.584
WA010,2019,5,9.4497
WA010,2019,6,10.2283
WA010,2019,7,13.5645
WA010,2019,8,11.6455
WA010,2019,9,5.2903
WA010,2019,10,20.2261
WA010,2019,11,6.9483
WA010,2019,12,1.8303
WA010,2020,1,0.0287
WA010,2020,2,1.0707
WA010,2020,3,2.9219
WA010,2020,4,5.9247
WA010,2020,5,7.4071
WA010,2020,6,13.312
WA010,2020,7,13.5926
WA010,2020,8,1.0906
WA010,2020,9,18.342
WA010,2020,10,17.1326
WA010,2020,11,5.3197
WA010,2020,12,1.951
WA011,2001,1,0.0174
WA011,2001,2,0.235
WA011,2001,3,2.1216
WA011,2001,4,5.2177
WA011,2001,5,5.0326
WA011,2001,6,7.0377
WA011,2001,7,1.0477
WA011,2001,8,0.3355
WA011,2001,9,4.3233
WA011,2001,10,2.211
WA011,2001,11,0.5663
WA011,2001,12,0.0126
WA011,2002,1,0.2974
WA011,2002,2,0.6496
WA011,2002,3,1.7187
WA011,2002,4,5.0037
WA011,2002,5,2.9887
WA011,2002,6,7.889
WA011,2002,7,4.671
WA011,2002,8,1.0768
WA011,2002,9,2.5
WA011,2002,10,5.4945
WA011,2002,11,1.8013
WA011,2002,12,0.0626
WA011,2003,1,1.1448
WA011,2003,2,0.8882
WA011,2003,3,1.49
WA011,2003,4,6.5393
WA011,2003,5,2.471
WA011,2003,6,5.9457
WA011,2003,7,2.2635
WA011,2003,8,0.42
WA011,2003,9,3.7153
WA011,2003,10,3.4268
WA011,2003,11,2.1363
WA011,2003,12,0.0074
WA011,2004,1,1.1006
WA011,2004,2,1.1669
WA011,2004,3,2.4255
WA011,2004,4,2.945
WA011,2004,5,6.6739
WA011,2004,6,4.0043
WA011,2004,7,2.669
WA011,2004,8,2.1177
WA011,2004,9,7.2793
WA011,2004,10,4.7045
WA011,2004,11,0.8453
WA011,2004,12,0.0039
WA011,2005,1,0.0013
WA011,2005,2,0.9068
WA011,2005,3,3.6697
WA011,2005,4,2.6143
WA011,2005,5,4.5455
WA011,2005,6,3.6433
WA011,2005,7,2.3423
WA011,2005,8,1.5032
WA011,2005,9,3.826
WA011,2005,10,3.3497
WA011,2005,11,1.7433
WA011,2005,12,0.2252
WA011,2006,1,0.531
WA011,2006,2,1.0536
WA011,2006,3,3.6197
WA011,2006,4,2.4327
WA011,2006,5,8.7326
WA011,2006,6,4.7387
WA011,2006,7,1.7165
WA011,2006,8,1.9229
WA011,2006,9,4.3567
WA011,2006,10,5.7432
WA011,2006,11,0.4927
WA011,2006,12,0.0481
WA011,2007,1,0.0019
WA011,2007,2,0.2564
WA011,2007,3,1.7629
WA011,2007,4,3.5477
WA011,2007,5,5.1174
WA011,2007,6,6.0287
WA011,2007,7,4.1865
WA011,2007,8,3.5023
WA011,2007,9,4.222
WA011,2007,10,4.1268
WA011,2007,11,1.674
WA011,2007,12,0.0561
WA011,2008,1,0.3335
WA011,2008,2,0.1348
WA011,2008,3,2.7748
WA011,2008,4,3.2333
WA011,2008,5,4.7061
WA011,2008,6,8.2673
WA011,2008,7,7.7765
WA011,2008,8,3.5768
WA011,2008,9,3.4263
WA011,2008,10,3.86
WA011,2008,11,0.496
WA011,2008,12,0.1884
WA011,2009,1,0.02
WA011,2009,2,0.7818
WA011,2009,3,3.3965
WA011,2009,4,3.676
WA011,2009,5,2.7765
WA011,2009,6,6.468
WA011,2009,7,4.23
WA011,2009,8,2.0248
WA011,2009,9,2.341
WA011,2009,10,2.7623
WA011,2009,11,0.7857
WA011,2009,12,0.0029
WA011,2010,1,0.3745
WA011,2010,2,1.1589
WA011,2010,3,1.7677
WA011,2010,4,3.51
WA011,2010,5,4.7584
WA011,2010,6,6.438
WA011,2010,7,2.6542
WA011,2010,8,2.7565
WA011,2010,9,7.5443
WA011,2010,10,5.1106
WA011,2010,11,4.1377
WA011,2010,12,0.461
WA011,2011,1,0.0003
WA011,2011,2,2.6125
WA011,2011,3,0.2955
WA011,2011,4,4.3977
WA011,2011,5,5.4081
WA011,2011,6,5.3323
WA011,2011,7,4.0677
WA011,2011,8,1.3603
WA011,2011,9,3.141
WA011,2011,10,5.1913
WA011,2011,11,1.3527
WA011,2011,12,0.0
WA011,2012,1,0.1381
WA011,2012,2,1.9059
WA011,2012,3,0.6594
WA011,2012,4,2.9217
WA011,2012,5,5.1206
WA011,2012,6,8.3103
WA011,2012,7,3.4439
WA011,2012,8,2.5955
WA011,2012,9,3.0013
WA011,2012,10,6.7097
WA011,2012,11,0.612
WA011,2012,12,0.1735
WA011,2013,1,0.4081
WA011,2013,2,0.1496
WA011,2013,3,3.9277
WA011,2013,4,4.6077
WA011,2013,5,5.4497
WA011,2013,6,3.571
WA011,2013,7,2.8626
WA011,2013,8,0.2245
WA011,2013,9,2.158
WA011,2013,10,1.0877
WA011,2013,11,0.4207
WA011,2013,12,0.0994
WA011,2014,1,0.2629
WA011,2014,2,1.5364
WA011,2014,3,3.46
WA011,2014,4,2.109
WA011,2014,5,4.7132
WA011,2014,6,3.532
WA011,2014,7,2.8826
WA011,2014,8,3.0387
WA011,2014,9,6.0187
WA011,2014,10,2.1
WA011,2014,11,1.4723
WA011,2014,12,0.0016
WA011,2015,1,0.0026
WA011,2015,2,1.4825
WA011,2015,3,3.6452
WA011,2015,4,1.6307
WA011,2015,5,2.8768
WA011,2015,6,5.602
WA011,2015,7,1.6777
WA011,2015,8,1.191
WA011,2015,9,1.2253
WA011,2015,10,4.8719
WA011,2015,11,0.85
WA011,2015,12,0.4019
WA011,2016,1,0.001
WA011,2016,2,0.2414
WA011,2016,3,3.6894
WA011,2016,4,3.6207
WA011,2016,5,3.2432
WA011,2016,6,4.9907
WA011,2016,7,2.5726
WA011,2016,8,1.1429
WA011,2016,9,5.986
WA011,2016,10,5.1329
WA011,2016,11,0.4883
WA011,2016,12,0.1584
WA011,2017,1,0.0116
WA011,2017,2,0.5107
WA011,2017,3,2.0887
WA011,2017,4,4.366
WA011,2017,5,3.7719
WA011,2017,6,4.3767
WA011,2017,7,5.8465
WA011,2017,8,1.9235
WA011,2017,9,3.954
WA011,2017,10,0.5048
WA011,2017,11,1.8593
WA011,2017,12,0.4016
WA011,2018,1,0.0
WA011,2018,2,1.9821
WA011,2018,3,1.8103
WA011,2018,4,2.1243
WA011,2018,5,4.8484
WA011,2018,6,4.976
WA011,2018,7,3.5639
WA011,2018,8,1.7161
WA011,2018,9,5.7663
WA011,2018,10,5.1313
WA011,2018,11,0.8577
WA011,2018,12,0.0374
WA011,2019,1,0.8255
WA011,2019,2,1.6257
WA011,2019,3,4.4561
WA011,2019,4,2.8553
WA011,2019,5,8.069
WA011,2019,6,5.2843
WA011,2019,7,4.6255
WA011,2019,8,1.019
WA011,2019,9,7.022
WA011,2019,10,7.0016
WA011,2019,11,2.0833
WA011,2019,12,0.2897
WA011,2020,1,0.001
WA011,2020,2,0.0045
WA011,2020,3,2.0032
WA011,2020,4,3.8827
WA011,2020,5,6.6065
WA011,2020,6,4.531
WA011,2020,7,1.4287
WA011,2020,8,0.1848
WA011,2020,9,4.9057
WA011,2020,10,4.27
WA011,2020,11,0.765
WA011,2020,12,1.0216
WA012,2001,1,0.0784
WA012,2001,2,0.5754
WA012,2001,3,1.42
WA012,2001,4,5.5453
WA012,2001,5,6.1768
WA012,2001,6,5.0143
WA012,2001,7,3.1184
WA012,2001,8,0.5455
WA012,2001,9,4.9587
WA012,2001,10,2.4381
WA012,2001,11,0.8673
WA012,2001,12,0.0987
WA012,2002,1,0.6742
WA012,2002,2,0.0189
WA012,2002,3,2.1097
WA012,2002,4,6.6667
WA012,2002,5,3.9284
WA012,2002,6,9.5667
WA012,2002,7,5.6661
WA012,2002,8,1.4416
WA012,2002,9,2.626
WA012,2002,10,7.9429
WA012,2002,11,1.7107
WA012,2002,12,0.0697
WA012,2003,1,1.4629
WA012,2003,2,1.4668
WA012,2003,3,1.0165
WA012,2003,4,6.8387
WA012,2003,5,2.4842
WA012,2003,6,7.6543
WA012,2003,7,2.6968
WA012,2003,8,0.9523
WA012,2003,9,6.6517
WA012,2003,10,7.5948
WA012,2003,11,2.268
WA012,2003,12,0.0
WA012,2004,1,2.8394
WA012,2004,2,0.7979
WA012,2004,3,1.8739
WA012,2004,4,3.171
WA012,2004,5,7.6081
WA012,2004,6,5.9557
WA012,2004,7,3.6084
WA012,2004,8,1.7894
WA012,2004,9,8.529
WA012,2004,10,6.0771
WA012,2004,11,0.909
WA012,2004,12,0.0019
WA012,2005,1,0.0
WA012,2005,2,1.1639
WA012,2005,3,3.8216
WA012,2005,4,3.2417
WA012,2005,5,7.3039
WA012,2005,6,5.8323
WA012,2005,7,2.1235
WA012,2005,8,1.7594
WA012,2005,9,4.3623
WA012,2005,10,3.9652
WA012,2005,11,1.6487
WA012,2005,12,0.3077
WA012,2006,1,0.3048
WA012,2006,2,1.1446
WA012,2006,3,3.2752
WA012,2006,4,1.8693
WA012,2006,5,7.7616
WA012,2006,6,7.0457
WA012,2006,7,1.4932
WA012,2006,8,0.3652
WA012,2006,9,5.478
WA012,2006,10,7.7974
WA012,2006,11,0.8047
WA012,2006,12,0.0003
WA012,2007,1,0.0
WA012,2007,2,0.7418
WA012,2007,3,1.5903
WA012,2007,4,2.7917
WA012,2007,5,5.2329
WA012,2007,6,8.8763
WA012,2007,7,6.0103
WA012,2007,8,3.9413
WA012,2007,9,5.509
WA012,2007,10,5.4229
WA012,2007,11,2.453
WA012,2007,12,1.0255
WA012,2008,1,0.0039
WA012,2008,2,0.2634
WA012,2008,3,1.7842
WA012,2008,4,2.615
WA012,2008,5,4.6116
WA012,2008,6,8.356
WA012,2008,7,9.5752
WA012,2008,8,1.6058
WA012,2008,9,5.2477
WA012,2008,10,4.7426
WA012,2008,11,0.2713
WA012,2008,12,0.3368
WA012,2009,1,0.0074
WA012,2009,2,0.2036
WA012,2009,3,0.6771
WA012,2009,4,3.1943
WA012,2009,5,6.2835
WA012,2009,6,10.7547
WA012,2009,7,5.4306
WA012,2009,8,0.5019
WA012,2009,9,2.7517
WA012,2009,10,3.3677
WA012,2009,11,0.6983
WA012,2009,12,0.0
WA012,2010,1,0.0042
WA012,2010,2,0.0479
WA012,2010,3,3.4661
WA012,2010,4,2.8187
WA012,2010,5,7.8016
WA012,2010,6,8.3503
WA012,2010,7,6.5948
WA012,2010,8,3.2448
WA012,2010,9,9.4587
WA012,2010,10,6.0665
WA012,2010,11,2.8427
WA012,2010,12,0.6552
WA012,2011,1,0.0045
WA012,2011,2,5.5161
WA012,2011,3,0.4419
WA012,2011,4,2.9567
WA012,2011,5,6.3742
WA012,2011,6,6.044
WA012,2011,7,6.0048
WA012,2011,8,1.3548
WA012,2011,9,3.8837
WA012,2011,10,8.3677
WA012,2011,11,2.0667
WA012,2011,12,0.0
WA012,2012,1,0.0481
WA012,2012,2,1.8838
WA012,2012,3,1.1529
WA012,2012,4,5.1687
WA012,2012,5,4.8135
WA012,2012,6,18.389
WA012,2012,7,2.5416
WA012,2012,8,1.7448
WA012,2012,9,5.932
WA012,2012,10,6.2387
WA012,2012,11,1.917
WA012,2012,12,1.3587
WA012,2013,1,1.4774
WA012,2013,2,0.8071
WA012,2013,3,2.5732
WA012,2013,4,4.8063
WA012,2013,5,8.8258
WA012,2013,6,3.606
WA012,2013,7,3.4919
WA012,2013,8,0.4474
WA012,2013,9,3.2867
WA012,2013,10,4.259
WA012,2013,11,1.3323
WA012,2013,12,0.3026
WA012,2014,1,1.6416
WA012,2014,2,1.7361
WA012,2014,3,2.9029
WA012,2014,4,1.0867
WA012,2014,5,7.6268
WA012,2014,6,5.2533
WA012,2014,7,5.0552
WA012,2014,8,3.5681
WA012,2014,9,6.352
WA012,2014,10,3.3335
WA012,2014,11,2.5223
WA012,2014,12,0.1429
WA012,2015,1,0.0229
WA012,2015,2,1.8057
WA012,2015,3,5.4935
WA012,2015,4,2.5197
WA012,2015,5,2.7368
WA012,2015,6,9.1857
WA012,2015,7,1.1819
WA012,2015,8,1.8516
WA012,2015,9,2.6713
WA012,2015,10,6.9184
WA012,2015,11,0.869
WA012,2015,12,0.0
WA012,2016,1,0.1494
WA012,2016,2,0.0055
WA012,2016,3,3.5706
WA012,2016,4,3.5937
WA012,2016,5,5.4397
WA012,2016,6,5.824
WA012,2016,7,1.6735
WA012,2016,8,1.6594
WA012,2016,9,8.933
WA012,2016,10,9.3516
WA012,2016,11,1.6733
WA012,2016,12,0.0381
WA012,2017,1,0.1352
WA012,2017,2,0.0107
WA012,2017,3,2.0784
WA012,2017,4,2.36
WA012,2017,5,5.7126
WA012,2017,6,10.8543
WA012,2017,7,4.8535
WA012,2017,8,2.5213
WA012,2017,9,5.32
WA012,2017,10,2.2755
WA012,2017,11,2.0663
WA012,2017,12,0.3187
WA012,2018,1,0.0
WA012,2018,2,1.9657
WA012,2018,3,3.199
WA012,2018,4,1.8627
WA012,2018,5,8.1635
WA012,2018,6,4.4887
WA012,2018,7,4.1619
WA012,2018,8,2.7952
WA012,2018,9,8.6557
WA012,2018,10,5.9719
WA012,2018,11,2.0647
WA012,2018,12,0.1013
WA012,2019,1,2.6745
WA012,2019,2,3.3325
WA012,2019,3,4.2665
WA012,2019,4,3.199
WA012,2019,5,6.5506
WA012,2019,6,5.7647
WA012,2019,7,3.6355
WA012,2019,8,0.9919
WA012,2019,9,6.94
WA012,2019,10,10.7223
WA012,2019,11,2.3447
WA012,2019,12,0.0181
WA012,2020,1,0.0
WA012,2020,2,0.0017
WA012,2020,3,2.5071
WA012,2020,4,3.6027
WA012,2020,5,3.8855
WA012,2020,6,8.345
WA012,2020,7,2.2584
WA012,2020,8,0.011
WA012,2020,9,4.46
WA012,2020,10,3.7403
WA012,2020,11,1.524
WA012,2020,12,0.4758
WA013,2001,1,0.0
WA013,2001,2,0.0
WA013,2001,3,0.0
WA013,2001,4,0.82
WA013,2001,5,0.5994
WA013,2001,6,4.855
WA013,2001,7,11.8503
WA013,2001,8,12.6945
WA013,2001,9,4.4513
WA013,2001,10,0.0
WA013,2001,11,0.0
WA013,2001,12,0.0
WA013,2002,1,0.0
WA013,2002,2,0.0
WA013,2002,3,0.0
WA013,2002,4,0.028
WA013,2002,5,0.0261
WA013,2002,6,2.0493
WA013,2002,7,6.5287
WA013,2002,8,7.5071
WA013,2002,9,4.751
WA013,2002,10,1.9097
WA013,2002,11,0.0
WA013,2002,12,0.0
WA013,2003,1,0.0
WA013,2003,2,0.0
WA013,2003,3,0.0
WA013,2003,4,0.4233
WA013,2003,5,1.9284
WA013,2003,6,5.8057
WA013,2003,7,9.1061
WA013,2003,8,10.2697
WA013,2003,9,4.957
WA013,2003,10,0.2213
WA013,2003,11,0.0
WA013,2003,12,0.0
WA013,2004,1,0.0
WA013,2004,2,0.0
WA013,2004,3,0.0
WA013,2004,4,0.0
WA013,2004,5,3.691
WA013,2004,6,5.631
WA013,2004,7,5.8923
WA013,2004,8,7.0768
WA013,2004,9,4.1827
WA013,2004,10,0.0
WA013,2004,11,0.0
WA013,2004,12,0.0
WA013,2005,1,0.0
WA013,2005,2,0.0
WA013,2005,3,0.0
WA013,2005,4,0.1163
WA013,2005,5,1.83
WA013,2005,6,5.5737
WA013,2005,7,8.5487
WA013,2005,8,7.8219
WA013,2005,9,4.8793
WA013,2005,10,1.3523
WA013,2005,11,0.0057
WA013,2005,12,0.0
WA013,2006,1,0.0
WA013,2006,2,0.0
WA013,2006,3,0.0
WA013,2006,4,0.0
WA013,2006,5,2.6397
WA013,2006,6,2.3197
WA013,2006,7,7.1639
WA013,2006,8,8.3687
WA013,2006,9,7.605
WA013,2006,10,0.3684
WA013,2006,11,0.0
WA013,2006,12,0.0
WA013,2007,1,0.0
WA013,2007,2,0.0
WA013,2007,3,0.0794
WA013,2007,4,0.843
WA013,2007,5,2.5742
WA013,2007,6,5.534
WA013,2007,7,4.2042
WA013,2007,8,10.8813
WA013,2007,9,0.8643
WA013,2007,10,0.0
WA013,2007,11,0.0
WA013,2007,12,0.0
WA013,2008,1,0.0
WA013,2008,2,0.0
WA013,2008,3,0.0
WA013,2008,4,0.017
WA013,2008,5,0.1297
WA013,2008,6,3.2187
WA013,2008,7,8.9377
WA013,2008,8,8.201
WA013,2008,9,2.8037
WA013,2008,10,0.0658
WA013,2008,11,0.0
WA013,2008,12,0.0
WA013,2009,1,0.0
WA013,2009,2,0.0
WA013,2009,3,0.0
WA013,2009,4,0.0
WA013,2009,5,1.091
WA013,2009,6,2.2813
WA013,2009,7,8.071
WA013,2009,8,11.0313
WA013,2009,9,3.5503
WA013,2009,10,0.2777
WA013,2009,11,0.0
WA013,2009,12,0.0
WA013,2010,1,0.0
WA013,2010,2,0.0
WA013,2010,3,0.0
WA013,2010,4,1.6087
WA013,2010,5,0.7555
WA013,2010,6,3.2683
WA013,2010,7,5.6016
WA013,2010,8,7.6555
WA013,2010,9,5.4893
WA013,2010,10,1.4019
WA013,2010,11,0.0
WA013,2010,12,0.0
WA013,2011,1,0.0
WA013,2011,2,0.0
WA013,2011,3,0.0
WA013,2011,4,0.0
WA013,2011,5,1.3874
WA013,2011,6,3.2213
WA013,2011,7,5.7197
WA013,2011,8,9.0084
WA013,2011,9,5.5117
WA013,2011,10,0.4135
WA013,2011,11,0.0
WA013,2011,12,0.0
WA013,2012,1,0.0
WA013,2012,2,0.0
WA013,2012,3,0.0
WA013,2012,4,0.0
WA013,2012,5,2.3671
WA013,2012,6,7.539
WA013,2012,7,6.6868
WA013,2012,8,8.1081
WA013,2012,9,2.6743
WA013,2012,10,0.0216
WA013,2012,11,0.0
WA013,2012,12,0.0
WA013,2013,1,0.0
WA013,2013,2,0.0
WA013,2013,3,0.0
WA013,2013,4,0.71
WA013,2013,5,0.401
WA013,2013,6,3.6217
WA013,2013,7,4.1748
WA013,2013,8,7.85
WA013,2013,9,3.255
WA013,2013,10,0.2148
WA013,2013,11,0.0
WA013,2013,12,0.0
WA013,2014,1,0.0
WA013,2014,2,0.0
WA013,2014,3,0.0
WA013,2014,4,0.2293
WA013,2014,5,0.9987
WA013,2014,6,1.1693
WA013,2014,7,3.9855
WA013,2014,8,5.6168
WA013,2014,9,3.554
WA013,2014,10,0.269
WA013,2014,11,0.0
WA013,2014,12,0.0
WA013,2015,1,0.0
WA013,2015,2,0.0
WA013,2015,3,0.0
WA013,2015,4,0.0157
WA013,2015,5,0.0
WA013,2015,6,1.8897
WA013,2015,7,6.9926
WA013,2015,8,7.3568
WA013,2015,9,3.562
WA013,2015,10,0.5548
WA013,2015,11,0.0
WA013,2015,12,0.0
WA013,2016,1,0.0
WA013,2016,2,0.0
WA013,2016,3,0.0123
WA013,2016,4,0.0013
WA013,2016,5,0.7823
WA013,2016,6,3.723
WA013,2016,7,4.4813
WA013,2016,8,4.8916
WA013,2016,9,3.326
WA013,2016,10,0.1935
WA013,2016,11,0.0
WA013,2016,12,0.0
WA013,2017,1,0.0
WA013,2017,2,0.0
WA013,2017,3,0.0
WA013,2017,4,0.242
WA013,2017,5,0.1113
WA013,2017,6,5.152
WA013,2017,7,5.0606
WA013,2017,8,7.3519
WA013,2017,9,2.0303
WA013,2017,10,0.0342
WA013,2017,11,0.0
WA013,2017,12,0.0
WA013,2018,1,0.0
WA013,2018,2,0.0254
WA013,2018,3,0.0
WA013,2018,4,0.0193
WA013,2018,5,2.5155
WA013,2018,6,4.4453
WA013,2018,7,3.0032
WA013,2018,8,6.11
WA013,2018,9,2.5503
WA013,2018,10,0.1784
WA013,2018,11,0.0
WA013,2018,12,0.0
WA013,2019,1,0.0
WA013,2019,2,0.0
WA013,2019,3,0.0
WA013,2019,4,0.0
WA013,2019,5,2.3523
WA013,2019,6,3.0373
WA013,2019,7,6.7987
WA013,2019,8,7.8494
WA013,2019,9,0.628
WA013,2019,10,0.45
WA013,2019,11,0.0
WA013,2019,12,0.0
WA013,2020,1,0.0
WA013,2020,2,0.0
WA013,2020,3,0.0
WA013,2020,4,0.5483
WA013,2020,5,1.03
WA013,2020,6,2.2503
WA013,2020,7,8.131
WA013,2020,8,12.8313
WA013,2020,9,3.086
WA013,2020,10,0.4335
WA013,2020,11,0.291
WA013,2020,12,0.0
WA014,2001,1,0.0
WA014,2001,2,1.2921
WA014,2001,3,4.671
WA014,2001,4,6.0713
WA014,2001,5,5.1703
WA014,2001,6,6.8983
WA014,2001,7,3.2719
WA014,2001,8,1.4503
WA014,2001,9,6.343
WA014,2001,10,3.7739
WA014,2001,11,1.0477
WA014,2001,12,0.4065
WA014,2002,1,0.1355
WA014,2002,2,0.3504
WA014,2002,3,4.4713
WA014,2002,4,9.0647
WA014,2002,5,7.7435
WA014,2002,6,8.294
WA014,2002,7,9.2626
WA014,2002,8,2.3816
WA014,2002,9,5.5693
WA014,2002,10,10.94
WA014,2002,11,2.6257
WA014,2002,12,0.2994
WA014,2003,1,0.5329
WA014,2003,2,1.6871
WA014,2003,3,2.5939
WA014,2003,4,4.258
WA014,2003,5,5.2248
WA014,2003,6,4.9793
WA014,2003,7,2.1419
WA014,2003,8,1.6423
WA014,2003,9,3.2633
WA014,2003,10,6.6419
WA014,2003,11,5.433
WA014,2003,12,0.3371
WA014,2004,1,2.2168
WA014,2004,2,1.219
WA014,2004,3,4.89
WA014,2004,4,2.953
WA014,2004,5,2.621
WA014,2004,6,2.3
WA014,2004,7,3.729
WA014,2004,8,3.9606
WA014,2004,9,8.2757
WA014,2004,10,8.511
WA014,2004,11,1.6927
WA014,2004,12,2.009
WA014,2005,1,0.1016
WA014,2005,2,2.7493
WA014,2005,3,2.6442
WA014,2005,4,2.8863
WA014,2005,5,6.6142
WA014,2005,6,6.8523
WA014,2005,7,1.2852
WA014,2005,8,1.7213
WA014,2005,9,4.5877
WA014,2005,10,6.5884
WA014,2005,11,2.1867
WA014,2005,12,0.3823
WA014,2006,1,3.7816
WA014,2006,2,6.0936
WA014,2006,3,4.0723
WA014,2006,4,3.34
WA014,2006,5,8.2484
WA014,2006,6,5.029
WA014,2006,7,3.1881
WA014,2006,8,1.9306
WA014,2006,9,5.185
WA014,2006,10,5.0874
WA014,2006,11,2.1033
WA014,2006,12,0.1961
WA014,2007,1,0.0061
WA014,2007,2,0.6796
WA014,2007,3,3.1919
WA014,2007,4,5.7573
WA014,2007,5,5.0339
WA014,2007,6,7.1387
WA014,2007,7,4.8374
WA014,2007,8,5.0239
WA014,2007,9,15.1493
WA014,2007,10,6.9842
WA014,2007,11,2.0697
WA014,2007,12,0.3187
WA014,2008,1,0.0
WA014,2008,2,0.3776
WA014,2008,3,5.301
WA014,2008,4,3.8137
WA014,2008,5,7.6719
WA014,2008,6,6.4317
WA014,2008,7,3.2642
WA014,2008,8,10.9732
WA014,2008,9,6.2673
WA014,2008,10,4.9548
WA014,2008,11,0.5827
WA014,2008,12,0.5281
WA014,2009,1,0.0126
WA014,2009,2,3.8625
WA014,2009,3,1.3794
WA014,2009,4,7.513
WA014,2009,5,3.3603
WA014,2009,6,10.3513
WA014,2009,7,4.6619
WA014,2009,8,0.7216
WA014,2009,9,4.9693
WA014,2009,10,3.5355
WA014,2009,11,3.735
WA014,2009,12,1.1477
WA014,2010,1,0.3187
WA014,2010,2,2.5036
WA014,2010,3,2.8052
WA014,2010,4,2.0903
WA014,2010,5,4.7526
WA014,2010,6,9.8323
WA014,2010,7,1.6652
WA014,2010,8,3.0848
WA014,2010,9,3.7033
WA014,2010,10,5.4406
WA014,2010,11,2.7227
WA014,2010,12,1.2413
WA014,2011,1,1.2571
WA014,2011,2,5.3507
WA014,2011,3,4.1239
WA014,2011,4,5.68
WA014,2011,5,2.7626
WA014,2011,6,6.5343
WA014,2011,7,4.0558
WA014,2011,8,2.2239
WA014,2011,9,5.4433
WA014,2011,10,5.8552
WA014,2011,11,2.084
WA014,2011,12,0.0884
WA014,2012,1,0.0003
WA014,2012,2,2.3666
WA014,2012,3,1.2468
WA014,2012,4,2.7543
WA014,2012,5,5.6081
WA014,2012,6,7.7357
WA014,2012,7,3.4574
WA014,2012,8,0.3165
WA014,2012,9,4.2913
WA014,2012,10,8.1761
WA014,2012,11,3.6657
WA014,2012,12,1.6661
WA014,2013,1,0.0184
WA014,2013,2,1.7525
WA014,2013,3,3.681
WA014,2013,4,4.1907
WA014,2013,5,7.0645
WA014,2013,6,2.8433
WA014,2013,7,2.2981
WA014,2013,8,1.6045
WA014,2013,9,6.6767
WA014,2013,10,6.6884
WA014,2013,11,3.2457
WA014,2013,12,1.1403
WA014,2014,1,2.441
WA014,2014,2,1.6046
WA014,2014,3,2.411
WA014,2014,4,4.819
WA014,2014,5,5.0165
WA014,2014,6,10.248
WA014,2014,7,5.7929
WA014,2014,8,2.4019
WA014,2014,9,5.1673
WA014,2014,10,5.5965
WA014,2014,11,3.337
WA014,2014,12,0.7165
WA014,2015,1,0.1381
WA014,2015,2,1.9061
WA014,2015,3,4.7584
WA014,2015,4,4.309
WA014,2015,5,4.3703
WA014,2015,6,5.5277
WA014,2015,7,2.379
WA014,2015,8,0.3465
WA014,2015,9,2.4217
WA014,2015,10,7.0303
WA014,2015,11,2.614
WA014,2015,12,0.0177
WA014,2016,1,0.0342
WA014,2016,2,0.6321
WA014,2016,3,3.621
WA014,2016,4,2.2017
WA014,2016,5,4.9568
WA014,2016,6,7.017
WA014,2016,7,1.7216
WA014,2016,8,1.6426
WA014,2016,9,6.89
WA014,2016,10,5.2574
WA014,2016,11,4.7493
WA014,2016,12,0.8694
WA014,2017,1,0.4245
WA014,2017,2,1.1254
WA014,2017,3,3.9445
WA014,2017,4,2.7233
WA014,2017,5,6.9545
WA014,2017,6,8.8423
WA014,2017,7,4.5119
WA014,2017,8,2.2584
WA014,2017,9,6.903
WA014,2017,10,4.7397
WA014,2017,11,2.8087
WA014,2017,12,0.7113
WA014,2018,1,0.0
WA014,2018,2,1.6689
WA014,2018,3,5.3713
WA014,2018,4,5.3823
WA014,2018,5,8.5187
WA014,2018,6,7.797
WA014,2018,7,4.67
WA014,2018,8,2.1945
WA014,2018,9,8.85
WA014,2018,10,4.2423
WA014,2018,11,1.711
WA014,2018,12,0.0768
WA014,2019,1,0.089
WA014,2019,2,2.3036
WA014,2019,3,3.7213
WA014,2019,4,4.9093
WA014,2019,5,4.9923
WA014,2019,6,6.8963
WA014,2019,7,2.4719
WA014,2019,8,1.6558
WA014,2019,9,8.6
WA014,2019,10,11.0787
WA014,2019,11,1.8087
WA014,2019,12,1.0845
WA014,2020,1,0.0003
WA014,2020,2,0.0331
WA014,2020,3,4.2252
WA014,2020,4,3.147
WA014,2020,5,7.8558
WA014,2020,6,8.287
WA014,2020,7,2.3777
WA014,2020,8,0.4048
WA014,2020,9,3.3663
WA014,2020,10,4.3755
WA014,2020,11,2.7053
WA014,2020,12,1.1642
WA015,2001,1,0.0
WA015,2001,2,0.0
WA015,2001,3,0.0
WA015,2001,4,0.0
WA015,2001,5,0.0
WA015,2001,6,2.511
WA015,2001,7,8.2361
WA015,2001,8,6.9548
WA015,2001,9,6.0267
WA015,2001,10,1.8377
WA015,2001,11,0.2623
WA015,2001,12,0.0
WA015,2002,1,0.6165
WA015,2002,2,0.0
WA015,2002,3,0.0
WA015,2002,4,0.0
WA015,2002,5,0.0013
WA015,2002,6,2.3423
WA015,2002,7,1.5674
WA015,2002,8,6.0832
WA015,2002,9,4.8187
WA015,2002,10,1.6113
WA015,2002,11,0.0
WA015,2002,12,0.0019
WA015,2003,1,0.0
WA015,2003,2,0.0
WA015,2003,3,0.0
WA015,2003,4,0.0
WA015,2003,5,0.0003
WA015,2003,6,2.5777
WA015,2003,7,5.1481
WA015,2003,8,8.6084
WA015,2003,9,5.8967
WA015,2003,10,2.169
WA015,2003,11,0.0
WA015,2003,12,0.0
WA015,2004,1,0.0
WA015,2004,2,0.0
WA015,2004,3,0.0
WA015,2004,4,0.0
WA015,2004,5,0.0
WA015,2004,6,2.4773
WA015,2004,7,5.779
WA015,2004,8,8.5306
WA015,2004,9,5.2183
WA015,2004,10,0.3497
WA015,2004,11,0.0
WA015,2004,12,0.0
WA015,2005,1,0.0
WA015,2005,2,0.1879
WA015,2005,3,0.0
WA015,2005,4,0.0
WA015,2005,5,0.001
WA015,2005,6,1.707
WA015,2005,7,5.4519
WA015,2005,8,8.7368
WA015,2005,9,8.3067
WA015,2005,10,4.109
WA015,2005,11,0.0
WA015,2005,12,0.0
WA015,2006,1,0.0
WA015,2006,2,0.0929
WA015,2006,3,0.0
WA015,2006,4,0.0
WA015,2006,5,0.0
WA015,2006,6,3.271
WA015,2006,7,4.0426
WA015,2006,8,11.5013
WA015,2006,9,8.807
WA015,2006,10,1.5094
WA015,2006,11,0.0
WA015,2006,12,0.0
WA015,2007,1,0.0
WA015,2007,2,0.0
WA015,2007,3,0.0
WA015,2007,4,0.0
WA015,2007,5,0.0029
WA015,2007,6,0.92
WA015,2007,7,4.8597
WA015,2007,8,9.0881
WA015,2007,9,7.3543
WA015,2007,10,0.3461
WA015,2007,11,0.0
WA015,2007,12,0.0
WA015,2008,1,0.0
WA015,2008,2,0.0634
WA015,2008,3,0.0
WA015,2008,4,0.0
WA015,2008,5,0.0
WA015,2008,6,2.9857
WA015,2008,7,8.7713
WA015,2008,8,11.4184
WA015,2008,9,6.688
WA015,2008,10,3.05
WA015,2008,11,0.0
WA015,2008,12,0.0
WA015,2009,1,0.0
WA015,2009,2,0.0
WA015,2009,3,0.0
WA015,2009,4,0.0
WA015,2009,5,0.001
WA015,2009,6,1.3423
WA015,2009,7,6.9471
WA015,2009,8,17.6777
WA015,2009,9,9.0257
WA015,2009,10,0.9316
WA015,2009,11,0.078
WA015,2009,12,0.0
WA015,2010,1,0.0
WA015,2010,2,0.0
WA015,2010,3,0.0
WA015,2010,4,0.0
WA015,2010,5,0.0
WA015,2010,6,3.7017
WA015,2010,7,6.0019
WA015,2010,8,5.8661
WA015,2010,9,18.9413
WA015,2010,10,1.6287
WA015,2010,11,0.0003
WA015,2010,12,0.0
WA015,2011,1,0.0
WA015,2011,2,0.0
WA015,2011,3,0.0
WA015,2011,4,0.0
WA015,2011,5,0.0029
WA015,2011,6,0.7087
WA015,2011,7,3.3413
WA015,2011,8,8.9858
WA015,2011,9,7.372
WA015,2011,10,1.3987
WA015,2011,11,0.0
WA015,2011,12,0.0
WA015,2012,1,0.0
WA015,2012,2,0.0
WA015,2012,3,0.0332
WA015,2012,4,0.001
WA015,2012,5,0.7403
WA015,2012,6,2.864
WA015,2012,7,10.6539
WA015,2012,8,12.2823
WA015,2012,9,16.5533
WA015,2012,10,0.8668
WA015,2012,11,0.0097
WA015,2012,12,0.0
WA015,2013,1,0.0603
WA015,2013,2,0.0
WA015,2013,3,0.0023
WA015,2013,4,0.0
WA015,2013,5,0.0971
WA015,2013,6,0.631
WA015,2013,7,5.5726
WA015,2013,8,16.3219
WA015,2013,9,6.1093
WA015,2013,10,1.7594
WA015,2013,11,0.0
WA015,2013,12,0.0019
WA015,2014,1,0.0
WA015,2014,2,0.0
WA015,2014,3,0.0
WA015,2014,4,0.0
WA015,2014,5,0.0345
WA015,2014,6,0.7637
WA015,2014,7,1.3119
WA015,2014,8,12.661
WA015,2014,9,5.6547
WA015,2014,10,1.4213
WA015,2014,11,0.0
WA015,2014,12,0.0
WA015,2015,1,0.0
WA015,2015,2,0.0
WA015,2015,3,0.0
WA015,2015,4,0.0
WA015,2015,5,0.0
WA015,2015,6,0.165
WA015,2015,7,7.3123
WA015,2015,8,11.4281
WA015,2015,9,21.4413
WA015,2015,10,4.7203
WA015,2015,11,0.611
WA015,2015,12,0.0
WA015,2016,1,0.0116
WA015,2016,2,0.0
WA015,2016,3,0.0
WA015,2016,4,0.0
WA015,2016,5,0.0003
WA015,2016,6,0.4843
WA015,2016,7,10.1239
WA015,2016,8,7.3806
WA015,2016,9,12.04
WA015,2016,10,0.4919
WA015,2016,11,0.0
WA015,2016,12,0.0
WA015,2017,1,0.0
WA015,2017,2,0.0
WA015,2017,3,0.0
WA015,2017,4,0.0
WA015,2017,5,0.0
WA015,2017,6,1.862
WA015,2017,7,9.0461
WA015,2017,8,10.7519
WA015,2017,9,2.0897
WA015,2017,10,0.9297
WA015,2017,11,0.0
WA015,2017,12,0.0
WA015,2018,1,0.0
WA015,2018,2,0.0
WA015,2018,3,0.0
WA015,2018,4,0.0
WA015,2018,5,0.0
WA015,2018,6,0.8347
WA015,2018,7,4.7742
WA015,2018,8,11.6681
WA015,2018,9,7.5487
WA015,2018,10,0.5132
WA015,2018,11,0.0027
WA015,2018,12,0.0
WA015,2019,1,0.0
WA015,2019,2,0.0
WA015,2019,3,0.0058
WA015,2019,4,0.0
WA015,2019,5,0.0
WA015,2019,6,1.603
WA015,2019,7,2.8081
WA015,2019,8,11.4387
WA015,2019,9,6.19
WA015,2019,10,2.7784
WA015,2019,11,0.0013
WA015,2019,12,0.0
WA015,2020,1,0.0
WA015,2020,2,0.0
WA015,2020,3,0.0
WA015,2020,4,0.0
WA015,2020,5,0.0
WA015,2020,6,1.5743
WA015,2020,7,10.3668
WA015,2020,8,9.8452
WA015,2020,9,15.5047
WA015,2020,10,1.8255
WA015,2020,11,0.0057
WA015,2020,12,0.0
WA016,2001,1,0.0
WA016,2001,2,0.0
WA016,2001,3,0.0
WA016,2001,4,0.0
WA016,2001,5,0.0
WA016,2001,6,0.0
WA016,2001,7,0.009
WA016,2001,8,0.1613
WA016,2001,9,0.053
WA016,2001,10,0.0
WA016,2001,11,0.0
WA016,2001,12,0.0
WA016,2002,1,0.0
WA016,2002,2,0.0
WA016,2002,3,0.0
WA016,2002,4,0.0447
WA016,2002,5,0.0697
WA016,2002,6,0.0027
WA016,2002,7,0.1532
WA016,2002,8,1.0868
WA016,2002,9,0.1023
WA016,2002,10,2.2355
WA016,2002,11,0.0
WA016,2002,12,0.0
WA016,2003,1,0.0197
WA016,2003,2,0.0
WA016,2003,3,0.0
WA016,2003,4,0.0
WA016,2003,5,0.0
WA016,2003,6,0.5863
WA016,2003,7,0.0781
WA016,2003,8,0.9852
WA016,2003,9,0.201
WA016,2003,10,0.079
WA016,2003,11,0.1813
WA016,2003,12,0.0
WA016,2004,1,0.0129
WA016,2004,2,0.0
WA016,2004,3,0.0
WA016,2004,4,0.0
WA016,2004,5,0.0
WA016,2004,6,0.1307
WA016,2004,7,0.4506
WA016,2004,8,0.4471
WA016,2004,9,0.0
WA016,2004,10,0.0
WA016,2004,11,0.0
WA016,2004,12,0.0206
WA016,2005,1,0.1132
WA016,2005,2,0.7214
WA016,2005,3,1.1423
WA016,2005,4,0.0
WA016,2005,5,0.0158
WA016,2005,6,2.281
WA016,2005,7,0.0
WA016,2005,8,0.2516
WA016,2005,9,0.4137
WA016,2005,10,1.2955
WA016,2005,11,0.0
WA016,2005,12,0.0
WA016,2006,1,0.0787
WA016,2006,2,0.1004
WA016,2006,3,0.0
WA016,2006,4,0.0
WA016,2006,5,0.0029
WA016,2006,6,0.1413
WA016,2006,7,1.1229
WA016,2006,8,0.3529
WA016,2006,9,0.4787
WA016,2006,10,0.4271
WA016,2006,11,0.0
WA016,2006,12,0.0
WA016,2007,1,0.0
WA016,2007,2,0.0
WA016,2007,3,0.0
WA016,2007,4,0.0717
WA016,2007,5,0.0677
WA016,2007,6,0.0317
WA016,2007,7,0.4181
WA016,2007,8,0.8987
WA016,2007,9,0.101
WA016,2007,10,0.0
WA016,2007,11,0.0007
WA016,2007,12,0.3629
WA016,2008,1,0.0
WA016,2008,2,0.0
WA016,2008,3,0.0
WA016,2008,4,0.0
WA016,2008,5,0.0084
WA016,2008,6,0.1913
WA016,2008,7,0.0258
WA016,2008,8,0.7481
WA016,2008,9,0.3887
WA016,2008,10,0.0213
WA016,2008,11,0.0
WA016,2008,12,0.0
WA016,2009,1,0.2845
WA016,2009,2,0.0032
WA016,2009,3,0.0245
WA016,2009,4,0.0
WA016,2009,5,0.0
WA016,2009,6,0.171
WA016,2009,7,0.2439
WA016,2009,8,0.7029
WA016,2009,9,0.3113
WA016,2009,10,0.03
WA016,2009,11,0.0
WA016,2009,12,0.0
WA016,2010,1,0.0
WA016,2010,2,0.0
WA016,2010,3,0.0
WA016,2010,4,0.0
WA016,2010,5,0.0
WA016,2010,6,1.2643
WA016,2010,7,0.731
WA016,2010,8,0.8603
WA016,2010,9,0.8297
WA016,2010,10,0.0397
WA016,2010,11,0.0897
WA016,2010,12,0.0006
WA016,2011,1,0.0
WA016,2011,2,0.0011
WA016,2011,3,0.0
WA016,2011,4,0.0287
WA016,2011,5,0.0981
WA016,2011,6,0.124
WA016,2011,7,0.7994
WA016,2011,8,0.5361
WA016,2011,9,0.0007
WA016,2011,10,1.5765
WA016,2011,11,0.0
WA016,2011,12,0.0
WA016,2012,1,0.0
WA016,2012,2,0.0003
WA016,2012,3,0.0
WA016,2012,4,0.0
WA016,2012,5,0.0019
WA016,2012,6,0.0067
WA016,2012,7,0.161
WA016,2012,8,0.4839
WA016,2012,9,0.1693
WA016,2012,10,0.0426
WA016,2012,11,0.1963
WA016,2012,12,0.0003
WA016,2013,1,0.0
WA016,2013,2,0.0
WA016,2013,3,0.0
WA016,2013,4,0.0043
WA016,2013,5,0.2074
WA016,2013,6,0.0003
WA016,2013,7,0.0019
WA016,2013,8,0.7865
WA016,2013,9,0.818
WA016,2013,10,0.0
WA016,2013,11,0.0
WA016,2013,12,0.0006
WA016,2014,1,0.1081
WA016,2014,2,0.0004
WA016,2014,3,0.0
WA016,2014,4,0.0
WA016,2014,5,0.4552
WA016,2014,6,0.006
WA016,2014,7,0.1845
WA016,2014,8,1.6265
WA016,2014,9,0.187
WA016,2014,10,0.0
WA016,2014,11,0.0
WA016,2014,12,0.0
WA016,2015,1,0.0
WA016,2015,2,0.1896
WA016,2015,3,1.9571
WA016,2015,4,0.0
WA016,2015,5,0.0
WA016,2015,6,0.0003
WA016,2015,7,0.861
WA016,2015,8,0.9832
WA016,2015,9,1.2197
WA016,2015,10,0.3145
WA016,2015,11,0.0023
WA016,2015,12,0.0
WA016,2016,1,0.0
WA016,2016,2,0.0
WA016,2016,3,0.0
WA016,2016,4,0.0
WA016,2016,5,0.3429
WA016,2016,6,0.4817
WA016,2016,7,1.5784
WA016,2016,8,1.5452
WA016,2016,9,0.0367
WA016,2016,10,0.0194
WA016,2016,11,0.005
WA016,2016,12,0.0155
WA016,2017,1,0.0
WA016,2017,2,0.0
WA016,2017,3,0.0
WA016,2017,4,0.0
WA016,2017,5,0.1452
WA016,2017,6,0.6253
WA016,2017,7,0.22
WA016,2017,8,1.0297
WA016,2017,9,0.1263
WA016,2017,10,0.0
WA016,2017,11,0.0
WA016,2017,12,0.1048
WA016,2018,1,0.001
WA016,2018,2,0.0175
WA016,2018,3,0.0
WA016,2018,4,0.0043
WA016,2018,5,0.0045
WA016,2018,6,0.003
WA016,2018,7,0.0597
WA016,2018,8,2.3777
WA016,2018,9,0.758
WA016,2018,10,0.0339
WA016,2018,11,0.0017
WA016,2018,12,0.0
WA016,2019,1,0.0
WA016,2019,2,0.0
WA016,2019,3,0.0
WA016,2019,4,0.0003
WA016,2019,5,0.0448
WA016,2019,6,0.201
WA016,2019,7,1.0965
WA016,2019,8,0.4213
WA016,2019,9,0.345
WA016,2019,10,0.1768
WA016,2019,11,0.2313
WA016,2019,12,0.0
WA016,2020,1,0.0
WA016,2020,2,0.0
WA016,2020,3,0.0039
WA016,2020,4,0.0
WA016,2020,5,0.0181
WA016,2020,6,0.001
WA016,2020,7,0.3626
WA016,2020,8,1.9058
WA016,2020,9,0.1273
WA016,2020,10,0.0035
WA016,2020,11,0.0
WA016,2020,12,0.0
